Pirate URL,Pirate Name,Crew Name,Crew URL,Last Updated (UTC)
https://emerald.puzzlepirates.com/yoweb/pirate.wm?classic=false&target=Brocko,Brocko,League of Shadows,https://emerald.puzzlepirates.com/yoweb/crew/info.wm?crewid=5008157&classic=$classic,2026-10-05T23:23:06+00:00
https://emerald.puzzlepirates.com/yoweb/pirate.wm?classic=false&target=Als,Als,League of Shadows,https://emerald.puzzlepirates.com/yoweb/crew/info.wm?crewid=5008157&classic=$classic,2026-10-05T23:23:06+00:00
https://emerald.puzzlepirates.com/yoweb/pirate.wm?classic=false&target=Arogers,Arogers,League of Shadows,https://emerald.puzzlepirates.com/yoweb/crew/info.wm?crewid=5008157&classic=$classic,2026-10-05T23:23:06+00:00
https://emerald.puzzlepirates.com/yoweb/pirate.wm?classic=false&target=Basenji,Basenji,League of Shadows,https://emerald.puzzlepirates.com/yoweb/crew/info.wm?crewid=5008157&classic=$classic,2026-10-05T23:23:06+00:00
https://emerald.puzzlepirates.com/yoweb/pirate.wm?classic=false&target=Bigtimerz,Bigtimerz,League of Shadows,https://emerald.puzzlepirates.com/yoweb/crew/info.wm?crewid=5008157&classic=$classic,2026-10-05T23:23:06+00:00
https://emerald.puzzlepirates.com/yoweb/pirate.wm?classic=false&target=Chamos,Chamos,League of Shadows,https://emerald.puzzlepirates.com/yoweb/crew/info.wm?crewid=5008157&classic=$classic,2026-10-05T23:23:06+00:00
https://emerald.puzzlepirates.com/yoweb/pirate.wm?classic=false&target=Classless,Classless,League of Shadows,https://emerald.puzzlepirates.com/yoweb/crew/info.wm?crewid=5008157&classic=$classic,2026-10-05T23:23:06+00:00
https://emerald.puzzlepirates.com/yoweb/pirate.wm?classic=false&target=Frigathunter,Frigathunter,League of Shadows,https://emerald.puzzlepirates.com/yoweb/crew/info.wm?crewid=5008157&classic=$classic,2026-10-05T23:23:06+00:00
https://emerald.puzzlepirates.com/yoweb/pirate.wm?classic=false&target=Gelatoisback,Gelatoisback,League of Shadows,https://emerald.puzzlepirates.com/yoweb/crew/info.wm?crewid=5008157&classic=$classic,2026-10-05T23:23:06+00:00
https://emerald.puzzlepirates.com/yoweb/pirate.wm?classic=false&target=Juurikki,Juurikki,League of Shadows,https://emerald.puzzlepirates.com/yoweb/crew/info.wm?crewid=5008157&classic=$classic,2026-10-05T23:23:06+00:00
https://emerald.puzzlepirates.com/yoweb/pirate.wm?classic=false&target=Lekeekle,Lekeekle,League of Shadows,https://emerald.puzzlepirates.com/yoweb/crew/info.wm?crewid=5008157&classic=$classic,2026-10-05T23:23:06+00:00
https://emerald.puzzlepirates.com/yoweb/pirate.wm?classic=false&target=Narrewaz,Narrewaz,League of Shadows,https://emerald.puzzlepirates.com/yoweb/crew/info.wm?crewid=5008157&classic=$classic,2026-10-05T23:23:06+00:00
https://emerald.puzzlepirates.com/yoweb/pirate.wm?classic=false&target=Prettyeve,Prettyeve,League of Shadows,https://emerald.puzzlepirates.com/yoweb/crew/info.wm?crewid=5008157&classic=$classic,2026-10-05T23:23:06+00:00
https://emerald.puzzlepirates.com/yoweb/pirate.wm?classic=false&target=Rikitoc,Rikitoc,League of Shadows,https://emerald.puzzlepirates.com/yoweb/crew/info.wm?crewid=5008157&classic=$classic,2026-10-05T23:23:06+00:00
https://emerald.puzzlepirates.com/yoweb/pirate.wm?classic=false&target=Robsox,Robsox,League of Shadows,https://emerald.puzzlepirates.com/yoweb/crew/info.wm?crewid=5008157&classic=$classic,2026-10-05T23:23:06+00:00
https://emerald.puzzlepirates.com/yoweb/pirate.wm?classic=false&target=Scorge,Scorge,League of Shadows,https://emerald.puzzlepirates.com/yoweb/crew/info.wm?crewid=5008157&classic=$classic,2026-10-05T23:23:06+00:00
https://emerald.puzzlepirates.com/yoweb/pirate.wm?classic=false&target=Skulldugger,Skulldugger,League of Shadows,https://emerald.puzzlepirates.com/yoweb/crew/info.wm?crewid=5008157&classic=$classic,2026-10-05T23:23:06+00:00
https://emerald.puzzlepirates.com/yoweb/pirate.wm?classic=false&target=Stufyy,Stufyy,League of Shadows,https://emerald.puzzlepirates.com/yoweb/crew/info.wm?crewid=5008157&classic=$classic,2026-10-05T23:23:06+00:00
https://emerald.puzzlepirates.com/yoweb/pirate.wm?classic=false&target=Verdelho,Verdelho,League of Shadows,https://emerald.puzzlepirates.com/yoweb/crew/info.wm?crewid=5008157&classic=$classic,2026-10-05T23:23:06+00:00
https://emerald.puzzlepirates.com/yoweb/pirate.wm?classic=false&target=Vuragado,Vuragado,League of Shadows,https://emerald.puzzlepirates.com/yoweb/crew/info.wm?crewid=5008157&classic=$classic,2026-10-05T23:23:06+00:00
https://emerald.puzzlepirates.com/yoweb/pirate.wm?classic=false&target=Wraps,Wraps,League of Shadows,https://emerald.puzzlepirates.com/yoweb/crew/info.wm?crewid=5008157&classic=$classic,2026-10-05T23:23:06+00:00
https://emerald.puzzlepirates.com/yoweb/pirate.wm?classic=false&target=Xinn,Xinn,League of Shadows,https://emerald.puzzlepirates.com/yoweb/crew/info.wm?crewid=5008157&classic=$classic,2026-10-05T23:23:06+00:00
https://emerald.puzzlepirates.com/yoweb/pirate.wm?classic=false&target=Advice,Advice,League of Shadows,https://emerald.puzzlepirates.com/yoweb/crew/info.wm?crewid=5008157&classic=$classic,2026-10-05T23:23:06+00:00
https://emerald.puzzlepirates.com/yoweb/pirate.wm?classic=false&target=Antoneo,Antoneo,League of Shadows,https://emerald.puzzlepirates.com/yoweb/crew/info.wm?crewid=5008157&classic=$classic,2026-10-05T23:23:06+00:00
https://emerald.puzzlepirates.com/yoweb/pirate.wm?classic=false&target=Basenjithral,Basenjithral,League of Shadows,https://emerald.puzzlepirates.com/yoweb/crew/info.wm?crewid=5008157&classic=$classic,2026-10-05T23:23:06+00:00
https://emerald.puzzlepirates.com/yoweb/pirate.wm?classic=false&target=Bighitter,Bighitter,League of Shadows,https://emerald.puzzlepirates.com/yoweb/crew/info.wm?crewid=5008157&classic=$classic,2026-10-05T23:23:06+00:00
https://emerald.puzzlepirates.com/yoweb/pirate.wm?classic=false&target=Captdiddly,Captdiddly,League of Shadows,https://emerald.puzzlepirates.com/yoweb/crew/info.wm?crewid=5008157&classic=$classic,2026-10-05T23:23:06+00:00
https://emerald.puzzlepirates.com/yoweb/pirate.wm?classic=false&target=Carlacards,Carlacards,League of Shadows,https://emerald.puzzlepirates.com/yoweb/crew/info.wm?crewid=5008157&classic=$classic,2026-10-05T23:23:06+00:00
https://emerald.puzzlepirates.com/yoweb/pirate.wm?classic=false&target=Crandy,Crandy,League of Shadows,https://emerald.puzzlepirates.com/yoweb/crew/info.wm?crewid=5008157&classic=$classic,2026-10-05T23:23:06+00:00
https://emerald.puzzlepirates.com/yoweb/pirate.wm?classic=false&target=Elike,Elike,League of Shadows,https://emerald.puzzlepirates.com/yoweb/crew/info.wm?crewid=5008157&classic=$classic,2026-10-05T23:23:06+00:00
https://emerald.puzzlepirates.com/yoweb/pirate.wm?classic=false&target=Furny,Furny,League of Shadows,https://emerald.puzzlepirates.com/yoweb/crew/info.wm?crewid=5008157&classic=$classic,2026-10-05T23:23:06+00:00
https://emerald.puzzlepirates.com/yoweb/pirate.wm?classic=false&target=Gablett,Gablett,League of Shadows,https://emerald.puzzlepirates.com/yoweb/crew/info.wm?crewid=5008157&classic=$classic,2026-10-05T23:23:06+00:00
https://emerald.puzzlepirates.com/yoweb/pirate.wm?classic=false&target=Geasy,Geasy,League of Shadows,https://emerald.puzzlepirates.com/yoweb/crew/info.wm?crewid=5008157&classic=$classic,2026-10-05T23:23:06+00:00
https://emerald.puzzlepirates.com/yoweb/pirate.wm?classic=false&target=Jakeiscold,Jakeiscold,League of Shadows,https://emerald.puzzlepirates.com/yoweb/crew/info.wm?crewid=5008157&classic=$classic,2026-10-05T23:23:06+00:00
https://emerald.puzzlepirates.com/yoweb/pirate.wm?classic=false&target=Noojee,Noojee,League of Shadows,https://emerald.puzzlepirates.com/yoweb/crew/info.wm?crewid=5008157&classic=$classic,2026-10-05T23:23:06+00:00
https://emerald.puzzlepirates.com/yoweb/pirate.wm?classic=false&target=Pauoffense,Pauoffense,League of Shadows,https://emerald.puzzlepirates.com/yoweb/crew/info.wm?crewid=5008157&classic=$classic,2026-10-05T23:23:06+00:00
https://emerald.puzzlepirates.com/yoweb/pirate.wm?classic=false&target=Piehax,Piehax,League of Shadows,https://emerald.puzzlepirates.com/yoweb/crew/info.wm?crewid=5008157&classic=$classic,2026-10-05T23:23:06+00:00
https://emerald.puzzlepirates.com/yoweb/pirate.wm?classic=false&target=Rikyrobby,Rikyrobby,League of Shadows,https://emerald.puzzlepirates.com/yoweb/crew/info.wm?crewid=5008157&classic=$classic,2026-10-05T23:23:06+00:00
https://emerald.puzzlepirates.com/yoweb/pirate.wm?classic=false&target=Scallywagpte,Scallywagpte,League of Shadows,https://emerald.puzzlepirates.com/yoweb/crew/info.wm?crewid=5008157&classic=$classic,2026-10-05T23:23:06+00:00
https://emerald.puzzlepirates.com/yoweb/pirate.wm?classic=false&target=Scoldings,Scoldings,League of Shadows,https://emerald.puzzlepirates.com/yoweb/crew/info.wm?crewid=5008157&classic=$classic,2026-10-05T23:23:06+00:00
https://emerald.puzzlepirates.com/yoweb/pirate.wm?classic=false&target=Sips,Sips,League of Shadows,https://emerald.puzzlepirates.com/yoweb/crew/info.wm?crewid=5008157&classic=$classic,2026-10-05T23:23:06+00:00
https://emerald.puzzlepirates.com/yoweb/pirate.wm?classic=false&target=Strangedaze,Strangedaze,League of Shadows,https://emerald.puzzlepirates.com/yoweb/crew/info.wm?crewid=5008157&classic=$classic,2026-10-05T23:23:06+00:00
https://emerald.puzzlepirates.com/yoweb/pirate.wm?classic=false&target=Vackg,Vackg,League of Shadows,https://emerald.puzzlepirates.com/yoweb/crew/info.wm?crewid=5008157&classic=$classic,2026-10-05T23:23:06+00:00
https://emerald.puzzlepirates.com/yoweb/pirate.wm?classic=false&target=Admirallzhao,Admirallzhao,League of Shadows,https://emerald.puzzlepirates.com/yoweb/crew/info.wm?crewid=5008157&classic=$classic,2026-10-05T23:23:06+00:00
https://emerald.puzzlepirates.com/yoweb/pirate.wm?classic=false&target=Andrewzle,Andrewzle,League of Shadows,https://emerald.puzzlepirates.com/yoweb/crew/info.wm?crewid=5008157&classic=$classic,2026-10-05T23:23:06+00:00
https://emerald.puzzlepirates.com/yoweb/pirate.wm?classic=false&target=Antonoew,Antonoew,League of Shadows,https://emerald.puzzlepirates.com/yoweb/crew/info.wm?crewid=5008157&classic=$classic,2026-10-05T23:23:06+00:00
https://emerald.puzzlepirates.com/yoweb/pirate.wm?classic=false&target=Arogthree,Arogthree,League of Shadows,https://emerald.puzzlepirates.com/yoweb/crew/info.wm?crewid=5008157&classic=$classic,2026-10-05T23:23:06+00:00
https://emerald.puzzlepirates.com/yoweb/pirate.wm?classic=false&target=Asianist,Asianist,League of Shadows,https://emerald.puzzlepirates.com/yoweb/crew/info.wm?crewid=5008157&classic=$classic,2026-10-05T23:23:06+00:00
https://emerald.puzzlepirates.com/yoweb/pirate.wm?classic=false&target=Asmither,Asmither,League of Shadows,https://emerald.puzzlepirates.com/yoweb/crew/info.wm?crewid=5008157&classic=$classic,2026-10-05T23:23:06+00:00
https://emerald.puzzlepirates.com/yoweb/pirate.wm?classic=false&target=Ballnn,Ballnn,League of Shadows,https://emerald.puzzlepirates.com/yoweb/crew/info.wm?crewid=5008157&classic=$classic,2026-10-05T23:23:06+00:00
https://emerald.puzzlepirates.com/yoweb/pirate.wm?classic=false&target=Blueboyblue,Blueboyblue,League of Shadows,https://emerald.puzzlepirates.com/yoweb/crew/info.wm?crewid=5008157&classic=$classic,2026-10-05T23:23:06+00:00
https://emerald.puzzlepirates.com/yoweb/pirate.wm?classic=false&target=Bulgarria,Bulgarria,League of Shadows,https://emerald.puzzlepirates.com/yoweb/crew/info.wm?crewid=5008157&classic=$classic,2026-10-05T23:23:06+00:00
https://emerald.puzzlepirates.com/yoweb/pirate.wm?classic=false&target=Canker,Canker,League of Shadows,https://emerald.puzzlepirates.com/yoweb/crew/info.wm?crewid=5008157&classic=$classic,2026-10-05T23:23:06+00:00
https://emerald.puzzlepirates.com/yoweb/pirate.wm?classic=false&target=Captntrob,Captntrob,League of Shadows,https://emerald.puzzlepirates.com/yoweb/crew/info.wm?crewid=5008157&classic=$classic,2026-10-05T23:23:06+00:00
https://emerald.puzzlepirates.com/yoweb/pirate.wm?classic=false&target=Carribeano,Carribeano,League of Shadows,https://emerald.puzzlepirates.com/yoweb/crew/info.wm?crewid=5008157&classic=$classic,2026-10-05T23:23:06+00:00
https://emerald.puzzlepirates.com/yoweb/pirate.wm?classic=false&target=Ccorrupt,Ccorrupt,League of Shadows,https://emerald.puzzlepirates.com/yoweb/crew/info.wm?crewid=5008157&classic=$classic,2026-10-05T23:23:06+00:00
https://emerald.puzzlepirates.com/yoweb/pirate.wm?classic=false&target=Cdinis,Cdinis,League of Shadows,https://emerald.puzzlepirates.com/yoweb/crew/info.wm?crewid=5008157&classic=$classic,2026-10-05T23:23:06+00:00
https://emerald.puzzlepirates.com/yoweb/pirate.wm?classic=false&target=Cidocat,Cidocat,League of Shadows,https://emerald.puzzlepirates.com/yoweb/crew/info.wm?crewid=5008157&classic=$classic,2026-10-05T23:23:06+00:00
https://emerald.puzzlepirates.com/yoweb/pirate.wm?classic=false&target=Crassielass,Crassielass,League of Shadows,https://emerald.puzzlepirates.com/yoweb/crew/info.wm?crewid=5008157&classic=$classic,2026-10-05T23:23:06+00:00
https://emerald.puzzlepirates.com/yoweb/pirate.wm?classic=false&target=Demantoid,Demantoid,League of Shadows,https://emerald.puzzlepirates.com/yoweb/crew/info.wm?crewid=5008157&classic=$classic,2026-10-05T23:23:06+00:00
https://emerald.puzzlepirates.com/yoweb/pirate.wm?classic=false&target=Draitz,Draitz,League of Shadows,https://emerald.puzzlepirates.com/yoweb/crew/info.wm?crewid=5008157&classic=$classic,2026-10-05T23:23:06+00:00
https://emerald.puzzlepirates.com/yoweb/pirate.wm?classic=false&target=Dreamsander,Dreamsander,League of Shadows,https://emerald.puzzlepirates.com/yoweb/crew/info.wm?crewid=5008157&classic=$classic,2026-10-05T23:23:06+00:00
https://emerald.puzzlepirates.com/yoweb/pirate.wm?classic=false&target=Easma,Easma,League of Shadows,https://emerald.puzzlepirates.com/yoweb/crew/info.wm?crewid=5008157&classic=$classic,2026-10-05T23:23:06+00:00
https://emerald.puzzlepirates.com/yoweb/pirate.wm?classic=false&target=Evanabc,Evanabc,League of Shadows,https://emerald.puzzlepirates.com/yoweb/crew/info.wm?crewid=5008157&classic=$classic,2026-10-05T23:23:06+00:00
https://emerald.puzzlepirates.com/yoweb/pirate.wm?classic=false&target=Fastugio,Fastugio,League of Shadows,https://emerald.puzzlepirates.com/yoweb/crew/info.wm?crewid=5008157&classic=$classic,2026-10-05T23:23:06+00:00
https://emerald.puzzlepirates.com/yoweb/pirate.wm?classic=false&target=Feki,Feki,League of Shadows,https://emerald.puzzlepirates.com/yoweb/crew/info.wm?crewid=5008157&classic=$classic,2026-10-05T23:23:06+00:00
https://emerald.puzzlepirates.com/yoweb/pirate.wm?classic=false&target=Flamingbob,Flamingbob,League of Shadows,https://emerald.puzzlepirates.com/yoweb/crew/info.wm?crewid=5008157&classic=$classic,2026-10-05T23:23:06+00:00
https://emerald.puzzlepirates.com/yoweb/pirate.wm?classic=false&target=Gelatoo,Gelatoo,League of Shadows,https://emerald.puzzlepirates.com/yoweb/crew/info.wm?crewid=5008157&classic=$classic,2026-10-05T23:23:06+00:00
https://emerald.puzzlepirates.com/yoweb/pirate.wm?classic=false&target=Geneziz,Geneziz,League of Shadows,https://emerald.puzzlepirates.com/yoweb/crew/info.wm?crewid=5008157&classic=$classic,2026-10-05T23:23:06+00:00
https://emerald.puzzlepirates.com/yoweb/pirate.wm?classic=false&target=Gingerbreadd,Gingerbreadd,League of Shadows,https://emerald.puzzlepirates.com/yoweb/crew/info.wm?crewid=5008157&classic=$classic,2026-10-05T23:23:06+00:00
https://emerald.puzzlepirates.com/yoweb/pirate.wm?classic=false&target=Goldensuns,Goldensuns,League of Shadows,https://emerald.puzzlepirates.com/yoweb/crew/info.wm?crewid=5008157&classic=$classic,2026-10-05T23:23:06+00:00
https://emerald.puzzlepirates.com/yoweb/pirate.wm?classic=false&target=Goldmane,Goldmane,League of Shadows,https://emerald.puzzlepirates.com/yoweb/crew/info.wm?crewid=5008157&classic=$classic,2026-10-05T23:23:06+00:00
https://emerald.puzzlepirates.com/yoweb/pirate.wm?classic=false&target=Growersativo,Growersativo,League of Shadows,https://emerald.puzzlepirates.com/yoweb/crew/info.wm?crewid=5008157&classic=$classic,2026-10-05T23:23:06+00:00
https://emerald.puzzlepirates.com/yoweb/pirate.wm?classic=false&target=Holywatr,Holywatr,League of Shadows,https://emerald.puzzlepirates.com/yoweb/crew/info.wm?crewid=5008157&classic=$classic,2026-10-05T23:23:06+00:00
https://emerald.puzzlepirates.com/yoweb/pirate.wm?classic=false&target=Hucino,Hucino,League of Shadows,https://emerald.puzzlepirates.com/yoweb/crew/info.wm?crewid=5008157&classic=$classic,2026-10-05T23:23:06+00:00
https://emerald.puzzlepirates.com/yoweb/pirate.wm?classic=false&target=Ironjackfist,Ironjackfist,League of Shadows,https://emerald.puzzlepirates.com/yoweb/crew/info.wm?crewid=5008157&classic=$classic,2026-10-05T23:23:06+00:00
https://emerald.puzzlepirates.com/yoweb/pirate.wm?classic=false&target=Jabbagawalki,Jabbagawalki,League of Shadows,https://emerald.puzzlepirates.com/yoweb/crew/info.wm?crewid=5008157&classic=$classic,2026-10-05T23:23:06+00:00
https://emerald.puzzlepirates.com/yoweb/pirate.wm?classic=false&target=Jackybob,Jackybob,League of Shadows,https://emerald.puzzlepirates.com/yoweb/crew/info.wm?crewid=5008157&classic=$classic,2026-10-05T23:23:06+00:00
https://emerald.puzzlepirates.com/yoweb/pirate.wm?classic=false&target=Jamai,Jamai,League of Shadows,https://emerald.puzzlepirates.com/yoweb/crew/info.wm?crewid=5008157&classic=$classic,2026-10-05T23:23:06+00:00
https://emerald.puzzlepirates.com/yoweb/pirate.wm?classic=false&target=Juicedbolt,Juicedbolt,League of Shadows,https://emerald.puzzlepirates.com/yoweb/crew/info.wm?crewid=5008157&classic=$classic,2026-10-05T23:23:06+00:00
https://emerald.puzzlepirates.com/yoweb/pirate.wm?classic=false&target=Laaser,Laaser,League of Shadows,https://emerald.puzzlepirates.com/yoweb/crew/info.wm?crewid=5008157&classic=$classic,2026-10-05T23:23:06+00:00
https://emerald.puzzlepirates.com/yoweb/pirate.wm?classic=false&target=Ladz,Ladz,League of Shadows,https://emerald.puzzlepirates.com/yoweb/crew/info.wm?crewid=5008157&classic=$classic,2026-10-05T23:23:06+00:00
https://emerald.puzzlepirates.com/yoweb/pirate.wm?classic=false&target=Lenabyrdi,Lenabyrdi,League of Shadows,https://emerald.puzzlepirates.com/yoweb/crew/info.wm?crewid=5008157&classic=$classic,2026-10-05T23:23:06+00:00
https://emerald.puzzlepirates.com/yoweb/pirate.wm?classic=false&target=Lilanubas,Lilanubas,League of Shadows,https://emerald.puzzlepirates.com/yoweb/crew/info.wm?crewid=5008157&classic=$classic,2026-10-05T23:23:06+00:00
https://emerald.puzzlepirates.com/yoweb/pirate.wm?classic=false&target=Maeng,Maeng,League of Shadows,https://emerald.puzzlepirates.com/yoweb/crew/info.wm?crewid=5008157&classic=$classic,2026-10-05T23:23:06+00:00
https://emerald.puzzlepirates.com/yoweb/pirate.wm?classic=false&target=Magilou,Magilou,League of Shadows,https://emerald.puzzlepirates.com/yoweb/crew/info.wm?crewid=5008157&classic=$classic,2026-10-05T23:23:06+00:00
https://emerald.puzzlepirates.com/yoweb/pirate.wm?classic=false&target=Majorjr,Majorjr,League of Shadows,https://emerald.puzzlepirates.com/yoweb/crew/info.wm?crewid=5008157&classic=$classic,2026-10-05T23:23:06+00:00
https://emerald.puzzlepirates.com/yoweb/pirate.wm?classic=false&target=Maroltski,Maroltski,League of Shadows,https://emerald.puzzlepirates.com/yoweb/crew/info.wm?crewid=5008157&classic=$classic,2026-10-05T23:23:06+00:00
https://emerald.puzzlepirates.com/yoweb/pirate.wm?classic=false&target=Marsowg,Marsowg,League of Shadows,https://emerald.puzzlepirates.com/yoweb/crew/info.wm?crewid=5008157&classic=$classic,2026-10-05T23:23:06+00:00
https://emerald.puzzlepirates.com/yoweb/pirate.wm?classic=false&target=Matykar,Matykar,League of Shadows,https://emerald.puzzlepirates.com/yoweb/crew/info.wm?crewid=5008157&classic=$classic,2026-10-05T23:23:06+00:00
https://emerald.puzzlepirates.com/yoweb/pirate.wm?classic=false&target=Megasick,Megasick,League of Shadows,https://emerald.puzzlepirates.com/yoweb/crew/info.wm?crewid=5008157&classic=$classic,2026-10-05T23:23:06+00:00
https://emerald.puzzlepirates.com/yoweb/pirate.wm?classic=false&target=Menswearr,Menswearr,League of Shadows,https://emerald.puzzlepirates.com/yoweb/crew/info.wm?crewid=5008157&classic=$classic,2026-10-05T23:23:06+00:00
https://emerald.puzzlepirates.com/yoweb/pirate.wm?classic=false&target=Mokum,Mokum,League of Shadows,https://emerald.puzzlepirates.com/yoweb/crew/info.wm?crewid=5008157&classic=$classic,2026-10-05T23:23:06+00:00
https://emerald.puzzlepirates.com/yoweb/pirate.wm?classic=false&target=Mollie,Mollie,League of Shadows,https://emerald.puzzlepirates.com/yoweb/crew/info.wm?crewid=5008157&classic=$classic,2026-10-05T23:23:06+00:00
https://emerald.puzzlepirates.com/yoweb/pirate.wm?classic=false&target=Nessarosey,Nessarosey,League of Shadows,https://emerald.puzzlepirates.com/yoweb/crew/info.wm?crewid=5008157&classic=$classic,2026-10-05T23:23:06+00:00
https://emerald.puzzlepirates.com/yoweb/pirate.wm?classic=false&target=Osler,Osler,League of Shadows,https://emerald.puzzlepirates.com/yoweb/crew/info.wm?crewid=5008157&classic=$classic,2026-10-05T23:23:06+00:00
https://emerald.puzzlepirates.com/yoweb/pirate.wm?classic=false&target=Parches,Parches,League of Shadows,https://emerald.puzzlepirates.com/yoweb/crew/info.wm?crewid=5008157&classic=$classic,2026-10-05T23:23:06+00:00
https://emerald.puzzlepirates.com/yoweb/pirate.wm?classic=false&target=Peacemakerxt,Peacemakerxt,League of Shadows,https://emerald.puzzlepirates.com/yoweb/crew/info.wm?crewid=5008157&classic=$classic,2026-10-05T23:23:06+00:00
https://emerald.puzzlepirates.com/yoweb/pirate.wm?classic=false&target=Plea,Plea,League of Shadows,https://emerald.puzzlepirates.com/yoweb/crew/info.wm?crewid=5008157&classic=$classic,2026-10-05T23:23:06+00:00
https://emerald.puzzlepirates.com/yoweb/pirate.wm?classic=false&target=Privete,Privete,League of Shadows,https://emerald.puzzlepirates.com/yoweb/crew/info.wm?crewid=5008157&classic=$classic,2026-10-05T23:23:06+00:00
https://emerald.puzzlepirates.com/yoweb/pirate.wm?classic=false&target=Propagandize,Propagandize,League of Shadows,https://emerald.puzzlepirates.com/yoweb/crew/info.wm?crewid=5008157&classic=$classic,2026-10-05T23:23:06+00:00
https://emerald.puzzlepirates.com/yoweb/pirate.wm?classic=false&target=Qimir,Qimir,League of Shadows,https://emerald.puzzlepirates.com/yoweb/crew/info.wm?crewid=5008157&classic=$classic,2026-10-05T23:23:06+00:00
https://emerald.puzzlepirates.com/yoweb/pirate.wm?classic=false&target=Reallywacko,Reallywacko,League of Shadows,https://emerald.puzzlepirates.com/yoweb/crew/info.wm?crewid=5008157&classic=$classic,2026-10-05T23:23:06+00:00
https://emerald.puzzlepirates.com/yoweb/pirate.wm?classic=false&target=Retake,Retake,League of Shadows,https://emerald.puzzlepirates.com/yoweb/crew/info.wm?crewid=5008157&classic=$classic,2026-10-05T23:23:06+00:00
https://emerald.puzzlepirates.com/yoweb/pirate.wm?classic=false&target=Returnofpi,Returnofpi,League of Shadows,https://emerald.puzzlepirates.com/yoweb/crew/info.wm?crewid=5008157&classic=$classic,2026-10-05T23:23:06+00:00
https://emerald.puzzlepirates.com/yoweb/pirate.wm?classic=false&target=Royjones,Royjones,League of Shadows,https://emerald.puzzlepirates.com/yoweb/crew/info.wm?crewid=5008157&classic=$classic,2026-10-05T23:23:06+00:00
https://emerald.puzzlepirates.com/yoweb/pirate.wm?classic=false&target=Rpwl,Rpwl,League of Shadows,https://emerald.puzzlepirates.com/yoweb/crew/info.wm?crewid=5008157&classic=$classic,2026-10-05T23:23:06+00:00
https://emerald.puzzlepirates.com/yoweb/pirate.wm?classic=false&target=Sanley,Sanley,League of Shadows,https://emerald.puzzlepirates.com/yoweb/crew/info.wm?crewid=5008157&classic=$classic,2026-10-05T23:23:06+00:00
https://emerald.puzzlepirates.com/yoweb/pirate.wm?classic=false&target=Sayn,Sayn,League of Shadows,https://emerald.puzzlepirates.com/yoweb/crew/info.wm?crewid=5008157&classic=$classic,2026-10-05T23:23:06+00:00
https://emerald.puzzlepirates.com/yoweb/pirate.wm?classic=false&target=Scrimothy,Scrimothy,League of Shadows,https://emerald.puzzlepirates.com/yoweb/crew/info.wm?crewid=5008157&classic=$classic,2026-10-05T23:23:06+00:00
https://emerald.puzzlepirates.com/yoweb/pirate.wm?classic=false&target=Shway,Shway,League of Shadows,https://emerald.puzzlepirates.com/yoweb/crew/info.wm?crewid=5008157&classic=$classic,2026-10-05T23:23:06+00:00
https://emerald.puzzlepirates.com/yoweb/pirate.wm?classic=false&target=Smokeybandet,Smokeybandet,League of Shadows,https://emerald.puzzlepirates.com/yoweb/crew/info.wm?crewid=5008157&classic=$classic,2026-10-05T23:23:06+00:00
https://emerald.puzzlepirates.com/yoweb/pirate.wm?classic=false&target=Starfoxius,Starfoxius,League of Shadows,https://emerald.puzzlepirates.com/yoweb/crew/info.wm?crewid=5008157&classic=$classic,2026-10-05T23:23:06+00:00
https://emerald.puzzlepirates.com/yoweb/pirate.wm?classic=false&target=Starsatnight,Starsatnight,League of Shadows,https://emerald.puzzlepirates.com/yoweb/crew/info.wm?crewid=5008157&classic=$classic,2026-10-05T23:23:06+00:00
https://emerald.puzzlepirates.com/yoweb/pirate.wm?classic=false&target=Swampjuice,Swampjuice,League of Shadows,https://emerald.puzzlepirates.com/yoweb/crew/info.wm?crewid=5008157&classic=$classic,2026-10-05T23:23:06+00:00
https://emerald.puzzlepirates.com/yoweb/pirate.wm?classic=false&target=Sweetchloe,Sweetchloe,League of Shadows,https://emerald.puzzlepirates.com/yoweb/crew/info.wm?crewid=5008157&classic=$classic,2026-10-05T23:23:06+00:00
https://emerald.puzzlepirates.com/yoweb/pirate.wm?classic=false&target=Sweetdreamzz,Sweetdreamzz,League of Shadows,https://emerald.puzzlepirates.com/yoweb/crew/info.wm?crewid=5008157&classic=$classic,2026-10-05T23:23:06+00:00
https://emerald.puzzlepirates.com/yoweb/pirate.wm?classic=false&target=Sylvestarr,Sylvestarr,League of Shadows,https://emerald.puzzlepirates.com/yoweb/crew/info.wm?crewid=5008157&classic=$classic,2026-10-05T23:23:06+00:00
https://emerald.puzzlepirates.com/yoweb/pirate.wm?classic=false&target=Tazwas,Tazwas,League of Shadows,https://emerald.puzzlepirates.com/yoweb/crew/info.wm?crewid=5008157&classic=$classic,2026-10-05T23:23:06+00:00
https://emerald.puzzlepirates.com/yoweb/pirate.wm?classic=false&target=Tenacia,Tenacia,League of Shadows,https://emerald.puzzlepirates.com/yoweb/crew/info.wm?crewid=5008157&classic=$classic,2026-10-05T23:23:06+00:00
https://emerald.puzzlepirates.com/yoweb/pirate.wm?classic=false&target=Tjpancake,Tjpancake,League of Shadows,https://emerald.puzzlepirates.com/yoweb/crew/info.wm?crewid=5008157&classic=$classic,2026-10-05T23:23:06+00:00
https://emerald.puzzlepirates.com/yoweb/pirate.wm?classic=false&target=Unveil,Unveil,League of Shadows,https://emerald.puzzlepirates.com/yoweb/crew/info.wm?crewid=5008157&classic=$classic,2026-10-05T23:23:06+00:00
https://emerald.puzzlepirates.com/yoweb/pirate.wm?classic=false&target=Vailea,Vailea,League of Shadows,https://emerald.puzzlepirates.com/yoweb/crew/info.wm?crewid=5008157&classic=$classic,2026-10-05T23:23:06+00:00
https://emerald.puzzlepirates.com/yoweb/pirate.wm?classic=false&target=Vengeresse,Vengeresse,League of Shadows,https://emerald.puzzlepirates.com/yoweb/crew/info.wm?crewid=5008157&classic=$classic,2026-10-05T23:23:06+00:00
https://emerald.puzzlepirates.com/yoweb/pirate.wm?classic=false&target=Vore,Vore,League of Shadows,https://emerald.puzzlepirates.com/yoweb/crew/info.wm?crewid=5008157&classic=$classic,2026-10-05T23:23:06+00:00
https://emerald.puzzlepirates.com/yoweb/pirate.wm?classic=false&target=Whitebeard,Whitebeard,League of Shadows,https://emerald.puzzlepirates.com/yoweb/crew/info.wm?crewid=5008157&classic=$classic,2026-10-05T23:23:06+00:00
https://emerald.puzzlepirates.com/yoweb/pirate.wm?classic=false&target=Witchinside,Witchinside,League of Shadows,https://emerald.puzzlepirates.com/yoweb/crew/info.wm?crewid=5008157&classic=$classic,2026-10-05T23:23:06+00:00
https://emerald.puzzlepirates.com/yoweb/pirate.wm?classic=false&target=Xiju,Xiju,League of Shadows,https://emerald.puzzlepirates.com/yoweb/crew/info.wm?crewid=5008157&classic=$classic,2026-10-05T23:23:06+00:00
https://emerald.puzzlepirates.com/yoweb/pirate.wm?classic=false&target=Yassop,Yassop,League of Shadows,https://emerald.puzzlepirates.com/yoweb/crew/info.wm?crewid=5008157&classic=$classic,2026-10-05T23:23:06+00:00
https://emerald.puzzlepirates.com/yoweb/pirate.wm?classic=false&target=Zaxafus,Zaxafus,League of Shadows,https://emerald.puzzlepirates.com/yoweb/crew/info.wm?crewid=5008157&classic=$classic,2026-10-05T23:23:06+00:00
https://emerald.puzzlepirates.com/yoweb/pirate.wm?classic=false&target=Zelaus,Zelaus,League of Shadows,https://emerald.puzzlepirates.com/yoweb/crew/info.wm?crewid=5008157&classic=$classic,2026-10-05T23:23:06+00:00
https://emerald.puzzlepirates.com/yoweb/pirate.wm?classic=false&target=Akatizi,Akatizi,League of Shadows,https://emerald.puzzlepirates.com/yoweb/crew/info.wm?crewid=5008157&classic=$classic,2026-10-05T23:23:06+00:00
https://emerald.puzzlepirates.com/yoweb/pirate.wm?classic=false&target=Andyoes,Andyoes,League of Shadows,https://emerald.puzzlepirates.com/yoweb/crew/info.wm?crewid=5008157&classic=$classic,2026-10-05T23:23:06+00:00
https://emerald.puzzlepirates.com/yoweb/pirate.wm?classic=false&target=Apati,Apati,League of Shadows,https://emerald.puzzlepirates.com/yoweb/crew/info.wm?crewid=5008157&classic=$classic,2026-10-05T23:23:06+00:00
https://emerald.puzzlepirates.com/yoweb/pirate.wm?classic=false&target=Bilgs,Bilgs,League of Shadows,https://emerald.puzzlepirates.com/yoweb/crew/info.wm?crewid=5008157&classic=$classic,2026-10-05T23:23:06+00:00
https://emerald.puzzlepirates.com/yoweb/pirate.wm?classic=false&target=Boronia,Boronia,League of Shadows,https://emerald.puzzlepirates.com/yoweb/crew/info.wm?crewid=5008157&classic=$classic,2026-10-05T23:23:06+00:00
https://emerald.puzzlepirates.com/yoweb/pirate.wm?classic=false&target=Calmighty,Calmighty,League of Shadows,https://emerald.puzzlepirates.com/yoweb/crew/info.wm?crewid=5008157&classic=$classic,2026-10-05T23:23:06+00:00
https://emerald.puzzlepirates.com/yoweb/pirate.wm?classic=false&target=Cheesedust,Cheesedust,League of Shadows,https://emerald.puzzlepirates.com/yoweb/crew/info.wm?crewid=5008157&classic=$classic,2026-10-05T23:23:06+00:00
https://emerald.puzzlepirates.com/yoweb/pirate.wm?classic=false&target=Dashboard,Dashboard,League of Shadows,https://emerald.puzzlepirates.com/yoweb/crew/info.wm?crewid=5008157&classic=$classic,2026-10-05T23:23:06+00:00
https://emerald.puzzlepirates.com/yoweb/pirate.wm?classic=false&target=Dembele,Dembele,League of Shadows,https://emerald.puzzlepirates.com/yoweb/crew/info.wm?crewid=5008157&classic=$classic,2026-10-05T23:23:06+00:00
https://emerald.puzzlepirates.com/yoweb/pirate.wm?classic=false&target=Doradas,Doradas,League of Shadows,https://emerald.puzzlepirates.com/yoweb/crew/info.wm?crewid=5008157&classic=$classic,2026-10-05T23:23:06+00:00
https://emerald.puzzlepirates.com/yoweb/pirate.wm?classic=false&target=Duuke,Duuke,League of Shadows,https://emerald.puzzlepirates.com/yoweb/crew/info.wm?crewid=5008157&classic=$classic,2026-10-05T23:23:06+00:00
https://emerald.puzzlepirates.com/yoweb/pirate.wm?classic=false&target=Epiy,Epiy,League of Shadows,https://emerald.puzzlepirates.com/yoweb/crew/info.wm?crewid=5008157&classic=$classic,2026-10-05T23:23:06+00:00
https://emerald.puzzlepirates.com/yoweb/pirate.wm?classic=false&target=Ginnginger,Ginnginger,League of Shadows,https://emerald.puzzlepirates.com/yoweb/crew/info.wm?crewid=5008157&classic=$classic,2026-10-05T23:23:06+00:00
https://emerald.puzzlepirates.com/yoweb/pirate.wm?classic=false&target=Grandelatte,Grandelatte,League of Shadows,https://emerald.puzzlepirates.com/yoweb/crew/info.wm?crewid=5008157&classic=$classic,2026-10-05T23:23:06+00:00
https://emerald.puzzlepirates.com/yoweb/pirate.wm?classic=false&target=Hammed,Hammed,League of Shadows,https://emerald.puzzlepirates.com/yoweb/crew/info.wm?crewid=5008157&classic=$classic,2026-10-05T23:23:06+00:00
https://emerald.puzzlepirates.com/yoweb/pirate.wm?classic=false&target=Landings,Landings,League of Shadows,https://emerald.puzzlepirates.com/yoweb/crew/info.wm?crewid=5008157&classic=$classic,2026-10-05T23:23:06+00:00
https://emerald.puzzlepirates.com/yoweb/pirate.wm?classic=false&target=Lolalouise,Lolalouise,League of Shadows,https://emerald.puzzlepirates.com/yoweb/crew/info.wm?crewid=5008157&classic=$classic,2026-10-05T23:23:06+00:00
https://emerald.puzzlepirates.com/yoweb/pirate.wm?classic=false&target=Mapstock,Mapstock,League of Shadows,https://emerald.puzzlepirates.com/yoweb/crew/info.wm?crewid=5008157&classic=$classic,2026-10-05T23:23:06+00:00
https://emerald.puzzlepirates.com/yoweb/pirate.wm?classic=false&target=Miaxmaia,Miaxmaia,League of Shadows,https://emerald.puzzlepirates.com/yoweb/crew/info.wm?crewid=5008157&classic=$classic,2026-10-05T23:23:06+00:00
https://emerald.puzzlepirates.com/yoweb/pirate.wm?classic=false&target=Nosetalgia,Nosetalgia,League of Shadows,https://emerald.puzzlepirates.com/yoweb/crew/info.wm?crewid=5008157&classic=$classic,2026-10-05T23:23:06+00:00
https://emerald.puzzlepirates.com/yoweb/pirate.wm?classic=false&target=Polleye,Polleye,League of Shadows,https://emerald.puzzlepirates.com/yoweb/crew/info.wm?crewid=5008157&classic=$classic,2026-10-05T23:23:06+00:00
https://emerald.puzzlepirates.com/yoweb/pirate.wm?classic=false&target=Purrberry,Purrberry,League of Shadows,https://emerald.puzzlepirates.com/yoweb/crew/info.wm?crewid=5008157&classic=$classic,2026-10-05T23:23:06+00:00
https://emerald.puzzlepirates.com/yoweb/pirate.wm?classic=false&target=Rebootie,Rebootie,League of Shadows,https://emerald.puzzlepirates.com/yoweb/crew/info.wm?crewid=5008157&classic=$classic,2026-10-05T23:23:06+00:00
https://emerald.puzzlepirates.com/yoweb/pirate.wm?classic=false&target=Savagequeen,Savagequeen,League of Shadows,https://emerald.puzzlepirates.com/yoweb/crew/info.wm?crewid=5008157&classic=$classic,2026-10-05T23:23:06+00:00
https://emerald.puzzlepirates.com/yoweb/pirate.wm?classic=false&target=Sistersarah,Sistersarah,League of Shadows,https://emerald.puzzlepirates.com/yoweb/crew/info.wm?crewid=5008157&classic=$classic,2026-10-05T23:23:06+00:00
https://emerald.puzzlepirates.com/yoweb/pirate.wm?classic=false&target=Skurdismatch,Skurdismatch,League of Shadows,https://emerald.puzzlepirates.com/yoweb/crew/info.wm?crewid=5008157&classic=$classic,2026-10-05T23:23:06+00:00
https://emerald.puzzlepirates.com/yoweb/pirate.wm?classic=false&target=Slsarahx,Slsarahx,League of Shadows,https://emerald.puzzlepirates.com/yoweb/crew/info.wm?crewid=5008157&classic=$classic,2026-10-05T23:23:06+00:00
https://emerald.puzzlepirates.com/yoweb/pirate.wm?classic=false&target=Soolv,Soolv,League of Shadows,https://emerald.puzzlepirates.com/yoweb/crew/info.wm?crewid=5008157&classic=$classic,2026-10-05T23:23:06+00:00
https://emerald.puzzlepirates.com/yoweb/pirate.wm?classic=false&target=Spinnshady,Spinnshady,League of Shadows,https://emerald.puzzlepirates.com/yoweb/crew/info.wm?crewid=5008157&classic=$classic,2026-10-05T23:23:06+00:00
https://emerald.puzzlepirates.com/yoweb/pirate.wm?classic=false&target=Stinkyjuan,Stinkyjuan,League of Shadows,https://emerald.puzzlepirates.com/yoweb/crew/info.wm?crewid=5008157&classic=$classic,2026-10-05T23:23:06+00:00
https://emerald.puzzlepirates.com/yoweb/pirate.wm?classic=false&target=Teachh,Teachh,League of Shadows,https://emerald.puzzlepirates.com/yoweb/crew/info.wm?crewid=5008157&classic=$classic,2026-10-05T23:23:06+00:00
https://emerald.puzzlepirates.com/yoweb/pirate.wm?classic=false&target=Velaris,Velaris,League of Shadows,https://emerald.puzzlepirates.com/yoweb/crew/info.wm?crewid=5008157&classic=$classic,2026-10-05T23:23:06+00:00
https://emerald.puzzlepirates.com/yoweb/pirate.wm?classic=false&target=Youwantdill,Youwantdill,League of Shadows,https://emerald.puzzlepirates.com/yoweb/crew/info.wm?crewid=5008157&classic=$classic,2026-10-05T23:23:06+00:00
https://emerald.puzzlepirates.com/yoweb/pirate.wm?classic=false&target=Nathoon,Nathoon,Spirited Sanctum,https://emerald.puzzlepirates.com/yoweb/crew/info.wm?crewid=5038101&classic=$classic,2026-10-05T23:23:06+00:00
https://emerald.puzzlepirates.com/yoweb/pirate.wm?classic=false&target=Cubiccube,Cubiccube,Spirited Sanctum,https://emerald.puzzlepirates.com/yoweb/crew/info.wm?crewid=5038101&classic=$classic,2026-10-05T23:23:06+00:00
https://emerald.puzzlepirates.com/yoweb/pirate.wm?classic=false&target=Jabbaman,Jabbaman,Spirited Sanctum,https://emerald.puzzlepirates.com/yoweb/crew/info.wm?crewid=5038101&classic=$classic,2026-10-05T23:23:06+00:00
https://emerald.puzzlepirates.com/yoweb/pirate.wm?classic=false&target=Knottnathoon,Knottnathoon,Spirited Sanctum,https://emerald.puzzlepirates.com/yoweb/crew/info.wm?crewid=5038101&classic=$classic,2026-10-05T23:23:06+00:00
https://emerald.puzzlepirates.com/yoweb/pirate.wm?classic=false&target=Minigun,Minigun,Spirited Sanctum,https://emerald.puzzlepirates.com/yoweb/crew/info.wm?crewid=5038101&classic=$classic,2026-10-05T23:23:06+00:00
https://emerald.puzzlepirates.com/yoweb/pirate.wm?classic=false&target=Sphericalbal,Sphericalbal,Spirited Sanctum,https://emerald.puzzlepirates.com/yoweb/crew/info.wm?crewid=5038101&classic=$classic,2026-10-05T23:23:06+00:00
https://emerald.puzzlepirates.com/yoweb/pirate.wm?classic=false&target=Arlande,Arlande,Spirited Sanctum,https://emerald.puzzlepirates.com/yoweb/crew/info.wm?crewid=5038101&classic=$classic,2026-10-05T23:23:06+00:00
https://emerald.puzzlepirates.com/yoweb/pirate.wm?classic=false&target=Chinless,Chinless,Spirited Sanctum,https://emerald.puzzlepirates.com/yoweb/crew/info.wm?crewid=5038101&classic=$classic,2026-10-05T23:23:06+00:00
https://emerald.puzzlepirates.com/yoweb/pirate.wm?classic=false&target=Duckhead,Duckhead,Spirited Sanctum,https://emerald.puzzlepirates.com/yoweb/crew/info.wm?crewid=5038101&classic=$classic,2026-10-05T23:23:06+00:00
https://emerald.puzzlepirates.com/yoweb/pirate.wm?classic=false&target=Iridia,Iridia,Spirited Sanctum,https://emerald.puzzlepirates.com/yoweb/crew/info.wm?crewid=5038101&classic=$classic,2026-10-05T23:23:06+00:00
https://emerald.puzzlepirates.com/yoweb/pirate.wm?classic=false&target=Kiida,Kiida,Spirited Sanctum,https://emerald.puzzlepirates.com/yoweb/crew/info.wm?crewid=5038101&classic=$classic,2026-10-05T23:23:06+00:00
https://emerald.puzzlepirates.com/yoweb/pirate.wm?classic=false&target=Lunardreams,Lunardreams,Spirited Sanctum,https://emerald.puzzlepirates.com/yoweb/crew/info.wm?crewid=5038101&classic=$classic,2026-10-05T23:23:06+00:00
https://emerald.puzzlepirates.com/yoweb/pirate.wm?classic=false&target=Plusmode,Plusmode,Spirited Sanctum,https://emerald.puzzlepirates.com/yoweb/crew/info.wm?crewid=5038101&classic=$classic,2026-10-05T23:23:06+00:00
https://emerald.puzzlepirates.com/yoweb/pirate.wm?classic=false&target=Skurd,Skurd,Spirited Sanctum,https://emerald.puzzlepirates.com/yoweb/crew/info.wm?crewid=5038101&classic=$classic,2026-10-05T23:23:06+00:00
https://emerald.puzzlepirates.com/yoweb/pirate.wm?classic=false&target=Blazysusan,Blazysusan,Spirited Sanctum,https://emerald.puzzlepirates.com/yoweb/crew/info.wm?crewid=5038101&classic=$classic,2026-10-05T23:23:06+00:00
https://emerald.puzzlepirates.com/yoweb/pirate.wm?classic=false&target=Brodster,Brodster,Spirited Sanctum,https://emerald.puzzlepirates.com/yoweb/crew/info.wm?crewid=5038101&classic=$classic,2026-10-05T23:23:06+00:00
https://emerald.puzzlepirates.com/yoweb/pirate.wm?classic=false&target=Bumtoot,Bumtoot,Spirited Sanctum,https://emerald.puzzlepirates.com/yoweb/crew/info.wm?crewid=5038101&classic=$classic,2026-10-05T23:23:06+00:00
https://emerald.puzzlepirates.com/yoweb/pirate.wm?classic=false&target=Calicojack,Calicojack,Spirited Sanctum,https://emerald.puzzlepirates.com/yoweb/crew/info.wm?crewid=5038101&classic=$classic,2026-10-05T23:23:06+00:00
https://emerald.puzzlepirates.com/yoweb/pirate.wm?classic=false&target=Dangitlol,Dangitlol,Spirited Sanctum,https://emerald.puzzlepirates.com/yoweb/crew/info.wm?crewid=5038101&classic=$classic,2026-10-05T23:23:06+00:00
https://emerald.puzzlepirates.com/yoweb/pirate.wm?classic=false&target=Ged,Ged,Spirited Sanctum,https://emerald.puzzlepirates.com/yoweb/crew/info.wm?crewid=5038101&classic=$classic,2026-10-05T23:23:06+00:00
https://emerald.puzzlepirates.com/yoweb/pirate.wm?classic=false&target=Grenled,Grenled,Spirited Sanctum,https://emerald.puzzlepirates.com/yoweb/crew/info.wm?crewid=5038101&classic=$classic,2026-10-05T23:23:06+00:00
https://emerald.puzzlepirates.com/yoweb/pirate.wm?classic=false&target=Ktree,Ktree,Spirited Sanctum,https://emerald.puzzlepirates.com/yoweb/crew/info.wm?crewid=5038101&classic=$classic,2026-10-05T23:23:06+00:00
https://emerald.puzzlepirates.com/yoweb/pirate.wm?classic=false&target=Lusidian,Lusidian,Spirited Sanctum,https://emerald.puzzlepirates.com/yoweb/crew/info.wm?crewid=5038101&classic=$classic,2026-10-05T23:23:06+00:00
https://emerald.puzzlepirates.com/yoweb/pirate.wm?classic=false&target=Marti,Marti,Spirited Sanctum,https://emerald.puzzlepirates.com/yoweb/crew/info.wm?crewid=5038101&classic=$classic,2026-10-05T23:23:06+00:00
https://emerald.puzzlepirates.com/yoweb/pirate.wm?classic=false&target=Matchsticks,Matchsticks,Spirited Sanctum,https://emerald.puzzlepirates.com/yoweb/crew/info.wm?crewid=5038101&classic=$classic,2026-10-05T23:23:06+00:00
https://emerald.puzzlepirates.com/yoweb/pirate.wm?classic=false&target=Mendez,Mendez,Spirited Sanctum,https://emerald.puzzlepirates.com/yoweb/crew/info.wm?crewid=5038101&classic=$classic,2026-10-05T23:23:06+00:00
https://emerald.puzzlepirates.com/yoweb/pirate.wm?classic=false&target=Miquelis,Miquelis,Spirited Sanctum,https://emerald.puzzlepirates.com/yoweb/crew/info.wm?crewid=5038101&classic=$classic,2026-10-05T23:23:06+00:00
https://emerald.puzzlepirates.com/yoweb/pirate.wm?classic=false&target=Mtzim,Mtzim,Spirited Sanctum,https://emerald.puzzlepirates.com/yoweb/crew/info.wm?crewid=5038101&classic=$classic,2026-10-05T23:23:06+00:00
https://emerald.puzzlepirates.com/yoweb/pirate.wm?classic=false&target=Muntean,Muntean,Spirited Sanctum,https://emerald.puzzlepirates.com/yoweb/crew/info.wm?crewid=5038101&classic=$classic,2026-10-05T23:23:06+00:00
https://emerald.puzzlepirates.com/yoweb/pirate.wm?classic=false&target=Natnek,Natnek,Spirited Sanctum,https://emerald.puzzlepirates.com/yoweb/crew/info.wm?crewid=5038101&classic=$classic,2026-10-05T23:23:06+00:00
https://emerald.puzzlepirates.com/yoweb/pirate.wm?classic=false&target=Ntnydh,Ntnydh,Spirited Sanctum,https://emerald.puzzlepirates.com/yoweb/crew/info.wm?crewid=5038101&classic=$classic,2026-10-05T23:23:06+00:00
https://emerald.puzzlepirates.com/yoweb/pirate.wm?classic=false&target=Nylsoo,Nylsoo,Spirited Sanctum,https://emerald.puzzlepirates.com/yoweb/crew/info.wm?crewid=5038101&classic=$classic,2026-10-05T23:23:06+00:00
https://emerald.puzzlepirates.com/yoweb/pirate.wm?classic=false&target=Odim,Odim,Spirited Sanctum,https://emerald.puzzlepirates.com/yoweb/crew/info.wm?crewid=5038101&classic=$classic,2026-10-05T23:23:06+00:00
https://emerald.puzzlepirates.com/yoweb/pirate.wm?classic=false&target=Oukawa,Oukawa,Spirited Sanctum,https://emerald.puzzlepirates.com/yoweb/crew/info.wm?crewid=5038101&classic=$classic,2026-10-05T23:23:06+00:00
https://emerald.puzzlepirates.com/yoweb/pirate.wm?classic=false&target=Painkiller,Painkiller,Spirited Sanctum,https://emerald.puzzlepirates.com/yoweb/crew/info.wm?crewid=5038101&classic=$classic,2026-10-05T23:23:06+00:00
https://emerald.puzzlepirates.com/yoweb/pirate.wm?classic=false&target=Phylos,Phylos,Spirited Sanctum,https://emerald.puzzlepirates.com/yoweb/crew/info.wm?crewid=5038101&classic=$classic,2026-10-05T23:23:06+00:00
https://emerald.puzzlepirates.com/yoweb/pirate.wm?classic=false&target=Sageminigun,Sageminigun,Spirited Sanctum,https://emerald.puzzlepirates.com/yoweb/crew/info.wm?crewid=5038101&classic=$classic,2026-10-05T23:23:06+00:00
https://emerald.puzzlepirates.com/yoweb/pirate.wm?classic=false&target=Shore,Shore,Spirited Sanctum,https://emerald.puzzlepirates.com/yoweb/crew/info.wm?crewid=5038101&classic=$classic,2026-10-05T23:23:06+00:00
https://emerald.puzzlepirates.com/yoweb/pirate.wm?classic=false&target=Silverskroon,Silverskroon,Spirited Sanctum,https://emerald.puzzlepirates.com/yoweb/crew/info.wm?crewid=5038101&classic=$classic,2026-10-05T23:23:06+00:00
https://emerald.puzzlepirates.com/yoweb/pirate.wm?classic=false&target=Sred,Sred,Spirited Sanctum,https://emerald.puzzlepirates.com/yoweb/crew/info.wm?crewid=5038101&classic=$classic,2026-10-05T23:23:06+00:00
https://emerald.puzzlepirates.com/yoweb/pirate.wm?classic=false&target=Vesilintu,Vesilintu,Spirited Sanctum,https://emerald.puzzlepirates.com/yoweb/crew/info.wm?crewid=5038101&classic=$classic,2026-10-05T23:23:06+00:00
https://emerald.puzzlepirates.com/yoweb/pirate.wm?classic=false&target=Xantheni,Xantheni,Spirited Sanctum,https://emerald.puzzlepirates.com/yoweb/crew/info.wm?crewid=5038101&classic=$classic,2026-10-05T23:23:06+00:00
https://emerald.puzzlepirates.com/yoweb/pirate.wm?classic=false&target=Ailimer,Ailimer,Spirited Sanctum,https://emerald.puzzlepirates.com/yoweb/crew/info.wm?crewid=5038101&classic=$classic,2026-10-05T23:23:06+00:00
https://emerald.puzzlepirates.com/yoweb/pirate.wm?classic=false&target=Alleh,Alleh,Spirited Sanctum,https://emerald.puzzlepirates.com/yoweb/crew/info.wm?crewid=5038101&classic=$classic,2026-10-05T23:23:06+00:00
https://emerald.puzzlepirates.com/yoweb/pirate.wm?classic=false&target=Angelmoon,Angelmoon,Spirited Sanctum,https://emerald.puzzlepirates.com/yoweb/crew/info.wm?crewid=5038101&classic=$classic,2026-10-05T23:23:06+00:00
https://emerald.puzzlepirates.com/yoweb/pirate.wm?classic=false&target=Bigmul,Bigmul,Spirited Sanctum,https://emerald.puzzlepirates.com/yoweb/crew/info.wm?crewid=5038101&classic=$classic,2026-10-05T23:23:06+00:00
https://emerald.puzzlepirates.com/yoweb/pirate.wm?classic=false&target=Bubblybubs,Bubblybubs,Spirited Sanctum,https://emerald.puzzlepirates.com/yoweb/crew/info.wm?crewid=5038101&classic=$classic,2026-10-05T23:23:06+00:00
https://emerald.puzzlepirates.com/yoweb/pirate.wm?classic=false&target=Chevalmarin,Chevalmarin,Spirited Sanctum,https://emerald.puzzlepirates.com/yoweb/crew/info.wm?crewid=5038101&classic=$classic,2026-10-05T23:23:06+00:00
https://emerald.puzzlepirates.com/yoweb/pirate.wm?classic=false&target=Chloeoco,Chloeoco,Spirited Sanctum,https://emerald.puzzlepirates.com/yoweb/crew/info.wm?crewid=5038101&classic=$classic,2026-10-05T23:23:06+00:00
https://emerald.puzzlepirates.com/yoweb/pirate.wm?classic=false&target=Deguay,Deguay,Spirited Sanctum,https://emerald.puzzlepirates.com/yoweb/crew/info.wm?crewid=5038101&classic=$classic,2026-10-05T23:23:06+00:00
https://emerald.puzzlepirates.com/yoweb/pirate.wm?classic=false&target=Desisahater,Desisahater,Spirited Sanctum,https://emerald.puzzlepirates.com/yoweb/crew/info.wm?crewid=5038101&classic=$classic,2026-10-05T23:23:06+00:00
https://emerald.puzzlepirates.com/yoweb/pirate.wm?classic=false&target=Edgytriangle,Edgytriangle,Spirited Sanctum,https://emerald.puzzlepirates.com/yoweb/crew/info.wm?crewid=5038101&classic=$classic,2026-10-05T23:23:06+00:00
https://emerald.puzzlepirates.com/yoweb/pirate.wm?classic=false&target=Eell,Eell,Spirited Sanctum,https://emerald.puzzlepirates.com/yoweb/crew/info.wm?crewid=5038101&classic=$classic,2026-10-05T23:23:06+00:00
https://emerald.puzzlepirates.com/yoweb/pirate.wm?classic=false&target=Hanyo,Hanyo,Spirited Sanctum,https://emerald.puzzlepirates.com/yoweb/crew/info.wm?crewid=5038101&classic=$classic,2026-10-05T23:23:06+00:00
https://emerald.puzzlepirates.com/yoweb/pirate.wm?classic=false&target=Hunterkiler,Hunterkiler,Spirited Sanctum,https://emerald.puzzlepirates.com/yoweb/crew/info.wm?crewid=5038101&classic=$classic,2026-10-05T23:23:06+00:00
https://emerald.puzzlepirates.com/yoweb/pirate.wm?classic=false&target=Jczz,Jczz,Spirited Sanctum,https://emerald.puzzlepirates.com/yoweb/crew/info.wm?crewid=5038101&classic=$classic,2026-10-05T23:23:06+00:00
https://emerald.puzzlepirates.com/yoweb/pirate.wm?classic=false&target=Ldor,Ldor,Spirited Sanctum,https://emerald.puzzlepirates.com/yoweb/crew/info.wm?crewid=5038101&classic=$classic,2026-10-05T23:23:06+00:00
https://emerald.puzzlepirates.com/yoweb/pirate.wm?classic=false&target=Matchstickss,Matchstickss,Spirited Sanctum,https://emerald.puzzlepirates.com/yoweb/crew/info.wm?crewid=5038101&classic=$classic,2026-10-05T23:23:06+00:00
https://emerald.puzzlepirates.com/yoweb/pirate.wm?classic=false&target=Mechromancer,Mechromancer,Spirited Sanctum,https://emerald.puzzlepirates.com/yoweb/crew/info.wm?crewid=5038101&classic=$classic,2026-10-05T23:23:06+00:00
https://emerald.puzzlepirates.com/yoweb/pirate.wm?classic=false&target=Mrsmartypant,Mrsmartypant,Spirited Sanctum,https://emerald.puzzlepirates.com/yoweb/crew/info.wm?crewid=5038101&classic=$classic,2026-10-05T23:23:06+00:00
https://emerald.puzzlepirates.com/yoweb/pirate.wm?classic=false&target=Mrwisecrack,Mrwisecrack,Spirited Sanctum,https://emerald.puzzlepirates.com/yoweb/crew/info.wm?crewid=5038101&classic=$classic,2026-10-05T23:23:06+00:00
https://emerald.puzzlepirates.com/yoweb/pirate.wm?classic=false&target=Naomao,Naomao,Spirited Sanctum,https://emerald.puzzlepirates.com/yoweb/crew/info.wm?crewid=5038101&classic=$classic,2026-10-05T23:23:06+00:00
https://emerald.puzzlepirates.com/yoweb/pirate.wm?classic=false&target=Nellelle,Nellelle,Spirited Sanctum,https://emerald.puzzlepirates.com/yoweb/crew/info.wm?crewid=5038101&classic=$classic,2026-10-05T23:23:06+00:00
https://emerald.puzzlepirates.com/yoweb/pirate.wm?classic=false&target=Nula,Nula,Spirited Sanctum,https://emerald.puzzlepirates.com/yoweb/crew/info.wm?crewid=5038101&classic=$classic,2026-10-05T23:23:06+00:00
https://emerald.puzzlepirates.com/yoweb/pirate.wm?classic=false&target=Obivankenobi,Obivankenobi,Spirited Sanctum,https://emerald.puzzlepirates.com/yoweb/crew/info.wm?crewid=5038101&classic=$classic,2026-10-05T23:23:06+00:00
https://emerald.puzzlepirates.com/yoweb/pirate.wm?classic=false&target=Pietas,Pietas,Spirited Sanctum,https://emerald.puzzlepirates.com/yoweb/crew/info.wm?crewid=5038101&classic=$classic,2026-10-05T23:23:06+00:00
https://emerald.puzzlepirates.com/yoweb/pirate.wm?classic=false&target=Pitibru,Pitibru,Spirited Sanctum,https://emerald.puzzlepirates.com/yoweb/crew/info.wm?crewid=5038101&classic=$classic,2026-10-05T23:23:06+00:00
https://emerald.puzzlepirates.com/yoweb/pirate.wm?classic=false&target=Porkiepies,Porkiepies,Spirited Sanctum,https://emerald.puzzlepirates.com/yoweb/crew/info.wm?crewid=5038101&classic=$classic,2026-10-05T23:23:06+00:00
https://emerald.puzzlepirates.com/yoweb/pirate.wm?classic=false&target=Queenginger,Queenginger,Spirited Sanctum,https://emerald.puzzlepirates.com/yoweb/crew/info.wm?crewid=5038101&classic=$classic,2026-10-05T23:23:06+00:00
https://emerald.puzzlepirates.com/yoweb/pirate.wm?classic=false&target=Roundisk,Roundisk,Spirited Sanctum,https://emerald.puzzlepirates.com/yoweb/crew/info.wm?crewid=5038101&classic=$classic,2026-10-05T23:23:06+00:00
https://emerald.puzzlepirates.com/yoweb/pirate.wm?classic=false&target=Samofthebay,Samofthebay,Spirited Sanctum,https://emerald.puzzlepirates.com/yoweb/crew/info.wm?crewid=5038101&classic=$classic,2026-10-05T23:23:06+00:00
https://emerald.puzzlepirates.com/yoweb/pirate.wm?classic=false&target=Scourgebeard,Scourgebeard,Spirited Sanctum,https://emerald.puzzlepirates.com/yoweb/crew/info.wm?crewid=5038101&classic=$classic,2026-10-05T23:23:06+00:00
https://emerald.puzzlepirates.com/yoweb/pirate.wm?classic=false&target=Shmirdle,Shmirdle,Spirited Sanctum,https://emerald.puzzlepirates.com/yoweb/crew/info.wm?crewid=5038101&classic=$classic,2026-10-05T23:23:06+00:00
https://emerald.puzzlepirates.com/yoweb/pirate.wm?classic=false&target=Shutrikon,Shutrikon,Spirited Sanctum,https://emerald.puzzlepirates.com/yoweb/crew/info.wm?crewid=5038101&classic=$classic,2026-10-05T23:23:06+00:00
https://emerald.puzzlepirates.com/yoweb/pirate.wm?classic=false&target=Solguden,Solguden,Spirited Sanctum,https://emerald.puzzlepirates.com/yoweb/crew/info.wm?crewid=5038101&classic=$classic,2026-10-05T23:23:06+00:00
https://emerald.puzzlepirates.com/yoweb/pirate.wm?classic=false&target=Translation,Translation,Spirited Sanctum,https://emerald.puzzlepirates.com/yoweb/crew/info.wm?crewid=5038101&classic=$classic,2026-10-05T23:23:06+00:00
https://emerald.puzzlepirates.com/yoweb/pirate.wm?classic=false&target=Tripplemax,Tripplemax,Spirited Sanctum,https://emerald.puzzlepirates.com/yoweb/crew/info.wm?crewid=5038101&classic=$classic,2026-10-05T23:23:06+00:00
https://emerald.puzzlepirates.com/yoweb/pirate.wm?classic=false&target=Wallan,Wallan,Imperial Front,https://emerald.puzzlepirates.com/yoweb/crew/info.wm?crewid=5036798&classic=$classic,2026-10-05T23:23:06+00:00
https://emerald.puzzlepirates.com/yoweb/pirate.wm?classic=false&target=Athlena,Athlena,Imperial Front,https://emerald.puzzlepirates.com/yoweb/crew/info.wm?crewid=5036798&classic=$classic,2026-10-05T23:23:06+00:00
https://emerald.puzzlepirates.com/yoweb/pirate.wm?classic=false&target=Auraluna,Auraluna,Imperial Front,https://emerald.puzzlepirates.com/yoweb/crew/info.wm?crewid=5036798&classic=$classic,2026-10-05T23:23:06+00:00
https://emerald.puzzlepirates.com/yoweb/pirate.wm?classic=false&target=Glitchmob,Glitchmob,Imperial Front,https://emerald.puzzlepirates.com/yoweb/crew/info.wm?crewid=5036798&classic=$classic,2026-10-05T23:23:06+00:00
https://emerald.puzzlepirates.com/yoweb/pirate.wm?classic=false&target=Hardhat,Hardhat,Imperial Front,https://emerald.puzzlepirates.com/yoweb/crew/info.wm?crewid=5036798&classic=$classic,2026-10-05T23:23:06+00:00
https://emerald.puzzlepirates.com/yoweb/pirate.wm?classic=false&target=Koalaking,Koalaking,Imperial Front,https://emerald.puzzlepirates.com/yoweb/crew/info.wm?crewid=5036798&classic=$classic,2026-10-05T23:23:06+00:00
https://emerald.puzzlepirates.com/yoweb/pirate.wm?classic=false&target=Memester,Memester,Imperial Front,https://emerald.puzzlepirates.com/yoweb/crew/info.wm?crewid=5036798&classic=$classic,2026-10-05T23:23:06+00:00
https://emerald.puzzlepirates.com/yoweb/pirate.wm?classic=false&target=Pyke,Pyke,Imperial Front,https://emerald.puzzlepirates.com/yoweb/crew/info.wm?crewid=5036798&classic=$classic,2026-10-05T23:23:06+00:00
https://emerald.puzzlepirates.com/yoweb/pirate.wm?classic=false&target=Rustytytwo,Rustytytwo,Imperial Front,https://emerald.puzzlepirates.com/yoweb/crew/info.wm?crewid=5036798&classic=$classic,2026-10-05T23:23:06+00:00
https://emerald.puzzlepirates.com/yoweb/pirate.wm?classic=false&target=Venerdina,Venerdina,Imperial Front,https://emerald.puzzlepirates.com/yoweb/crew/info.wm?crewid=5036798&classic=$classic,2026-10-05T23:23:06+00:00
https://emerald.puzzlepirates.com/yoweb/pirate.wm?classic=false&target=Albalt,Albalt,Imperial Front,https://emerald.puzzlepirates.com/yoweb/crew/info.wm?crewid=5036798&classic=$classic,2026-10-05T23:23:06+00:00
https://emerald.puzzlepirates.com/yoweb/pirate.wm?classic=false&target=Andreivs,Andreivs,Imperial Front,https://emerald.puzzlepirates.com/yoweb/crew/info.wm?crewid=5036798&classic=$classic,2026-10-05T23:23:06+00:00
https://emerald.puzzlepirates.com/yoweb/pirate.wm?classic=false&target=Anijah,Anijah,Imperial Front,https://emerald.puzzlepirates.com/yoweb/crew/info.wm?crewid=5036798&classic=$classic,2026-10-05T23:23:06+00:00
https://emerald.puzzlepirates.com/yoweb/pirate.wm?classic=false&target=Anyababy,Anyababy,Imperial Front,https://emerald.puzzlepirates.com/yoweb/crew/info.wm?crewid=5036798&classic=$classic,2026-10-05T23:23:06+00:00
https://emerald.puzzlepirates.com/yoweb/pirate.wm?classic=false&target=Bingbob,Bingbob,Imperial Front,https://emerald.puzzlepirates.com/yoweb/crew/info.wm?crewid=5036798&classic=$classic,2026-10-05T23:23:06+00:00
https://emerald.puzzlepirates.com/yoweb/pirate.wm?classic=false&target=Bingting,Bingting,Imperial Front,https://emerald.puzzlepirates.com/yoweb/crew/info.wm?crewid=5036798&classic=$classic,2026-10-05T23:23:06+00:00
https://emerald.puzzlepirates.com/yoweb/pirate.wm?classic=false&target=Boozedrinker,Boozedrinker,Imperial Front,https://emerald.puzzlepirates.com/yoweb/crew/info.wm?crewid=5036798&classic=$classic,2026-10-05T23:23:06+00:00
https://emerald.puzzlepirates.com/yoweb/pirate.wm?classic=false&target=Burtles,Burtles,Imperial Front,https://emerald.puzzlepirates.com/yoweb/crew/info.wm?crewid=5036798&classic=$classic,2026-10-05T23:23:06+00:00
https://emerald.puzzlepirates.com/yoweb/pirate.wm?classic=false&target=Ismoked,Ismoked,Imperial Front,https://emerald.puzzlepirates.com/yoweb/crew/info.wm?crewid=5036798&classic=$classic,2026-10-05T23:23:06+00:00
https://emerald.puzzlepirates.com/yoweb/pirate.wm?classic=false&target=Rodhog,Rodhog,Imperial Front,https://emerald.puzzlepirates.com/yoweb/crew/info.wm?crewid=5036798&classic=$classic,2026-10-05T23:23:06+00:00
https://emerald.puzzlepirates.com/yoweb/pirate.wm?classic=false&target=Vinvintage,Vinvintage,Imperial Front,https://emerald.puzzlepirates.com/yoweb/crew/info.wm?crewid=5036798&classic=$classic,2026-10-05T23:23:06+00:00
https://emerald.puzzlepirates.com/yoweb/pirate.wm?classic=false&target=Yessboi,Yessboi,Imperial Front,https://emerald.puzzlepirates.com/yoweb/crew/info.wm?crewid=5036798&classic=$classic,2026-10-05T23:23:06+00:00
https://emerald.puzzlepirates.com/yoweb/pirate.wm?classic=false&target=Atherem,Atherem,Imperial Front,https://emerald.puzzlepirates.com/yoweb/crew/info.wm?crewid=5036798&classic=$classic,2026-10-05T23:23:06+00:00
https://emerald.puzzlepirates.com/yoweb/pirate.wm?classic=false&target=Augustinia,Augustinia,Imperial Front,https://emerald.puzzlepirates.com/yoweb/crew/info.wm?crewid=5036798&classic=$classic,2026-10-05T23:23:06+00:00
https://emerald.puzzlepirates.com/yoweb/pirate.wm?classic=false&target=Barebear,Barebear,Imperial Front,https://emerald.puzzlepirates.com/yoweb/crew/info.wm?crewid=5036798&classic=$classic,2026-10-05T23:23:06+00:00
https://emerald.puzzlepirates.com/yoweb/pirate.wm?classic=false&target=Blakkbeart,Blakkbeart,Imperial Front,https://emerald.puzzlepirates.com/yoweb/crew/info.wm?crewid=5036798&classic=$classic,2026-10-05T23:23:06+00:00
https://emerald.puzzlepirates.com/yoweb/pirate.wm?classic=false&target=Deckrider,Deckrider,Imperial Front,https://emerald.puzzlepirates.com/yoweb/crew/info.wm?crewid=5036798&classic=$classic,2026-10-05T23:23:06+00:00
https://emerald.puzzlepirates.com/yoweb/pirate.wm?classic=false&target=Ebra,Ebra,Imperial Front,https://emerald.puzzlepirates.com/yoweb/crew/info.wm?crewid=5036798&classic=$classic,2026-10-05T23:23:06+00:00
https://emerald.puzzlepirates.com/yoweb/pirate.wm?classic=false&target=Ellehcime,Ellehcime,Imperial Front,https://emerald.puzzlepirates.com/yoweb/crew/info.wm?crewid=5036798&classic=$classic,2026-10-05T23:23:06+00:00
https://emerald.puzzlepirates.com/yoweb/pirate.wm?classic=false&target=Frosthaze,Frosthaze,Imperial Front,https://emerald.puzzlepirates.com/yoweb/crew/info.wm?crewid=5036798&classic=$classic,2026-10-05T23:23:06+00:00
https://emerald.puzzlepirates.com/yoweb/pirate.wm?classic=false&target=Kingkoala,Kingkoala,Imperial Front,https://emerald.puzzlepirates.com/yoweb/crew/info.wm?crewid=5036798&classic=$classic,2026-10-05T23:23:06+00:00
https://emerald.puzzlepirates.com/yoweb/pirate.wm?classic=false&target=Kraygon,Kraygon,Imperial Front,https://emerald.puzzlepirates.com/yoweb/crew/info.wm?crewid=5036798&classic=$classic,2026-10-05T23:23:06+00:00
https://emerald.puzzlepirates.com/yoweb/pirate.wm?classic=false&target=Notmyalt,Notmyalt,Imperial Front,https://emerald.puzzlepirates.com/yoweb/crew/info.wm?crewid=5036798&classic=$classic,2026-10-05T23:23:06+00:00
https://emerald.puzzlepirates.com/yoweb/pirate.wm?classic=false&target=Panns,Panns,Imperial Front,https://emerald.puzzlepirates.com/yoweb/crew/info.wm?crewid=5036798&classic=$classic,2026-10-05T23:23:06+00:00
https://emerald.puzzlepirates.com/yoweb/pirate.wm?classic=false&target=Sheskis,Sheskis,Imperial Front,https://emerald.puzzlepirates.com/yoweb/crew/info.wm?crewid=5036798&classic=$classic,2026-10-05T23:23:06+00:00
https://emerald.puzzlepirates.com/yoweb/pirate.wm?classic=false&target=Toastmyballs,Toastmyballs,Imperial Front,https://emerald.puzzlepirates.com/yoweb/crew/info.wm?crewid=5036798&classic=$classic,2026-10-05T23:23:06+00:00
https://emerald.puzzlepirates.com/yoweb/pirate.wm?classic=false&target=Viktorovich,Viktorovich,Imperial Front,https://emerald.puzzlepirates.com/yoweb/crew/info.wm?crewid=5036798&classic=$classic,2026-10-05T23:23:06+00:00
https://emerald.puzzlepirates.com/yoweb/pirate.wm?classic=false&target=Glimmered,Glimmered,Imperial Front,https://emerald.puzzlepirates.com/yoweb/crew/info.wm?crewid=5036798&classic=$classic,2026-10-05T23:23:06+00:00
https://emerald.puzzlepirates.com/yoweb/pirate.wm?classic=false&target=Sloanalone,Sloanalone,Imperial Front,https://emerald.puzzlepirates.com/yoweb/crew/info.wm?crewid=5036798&classic=$classic,2026-10-05T23:23:06+00:00
https://emerald.puzzlepirates.com/yoweb/pirate.wm?classic=false&target=Slumbers,Slumbers,Imperial Front,https://emerald.puzzlepirates.com/yoweb/crew/info.wm?crewid=5036798&classic=$classic,2026-10-05T23:23:06+00:00
https://emerald.puzzlepirates.com/yoweb/pirate.wm?classic=false&target=Stankmuchoww,Stankmuchoww,Imperial Front,https://emerald.puzzlepirates.com/yoweb/crew/info.wm?crewid=5036798&classic=$classic,2026-10-05T23:23:06+00:00
https://emerald.puzzlepirates.com/yoweb/pirate.wm?classic=false&target=Virpii,Virpii,Imperial Front,https://emerald.puzzlepirates.com/yoweb/crew/info.wm?crewid=5036798&classic=$classic,2026-10-05T23:23:06+00:00
https://emerald.puzzlepirates.com/yoweb/pirate.wm?classic=false&target=Worksworks,Worksworks,Imperial Front,https://emerald.puzzlepirates.com/yoweb/crew/info.wm?crewid=5036798&classic=$classic,2026-10-05T23:23:06+00:00
https://emerald.puzzlepirates.com/yoweb/pirate.wm?classic=false&target=Yewot,Yewot,Imperial Front,https://emerald.puzzlepirates.com/yoweb/crew/info.wm?crewid=5036798&classic=$classic,2026-10-05T23:23:06+00:00
https://emerald.puzzlepirates.com/yoweb/pirate.wm?classic=false&target=Arkouda,Arkouda,Grande Armada,https://emerald.puzzlepirates.com/yoweb/crew/info.wm?crewid=5038152&classic=$classic,2026-10-05T23:23:06+00:00
https://emerald.puzzlepirates.com/yoweb/pirate.wm?classic=false&target=Dxirez,Dxirez,Grande Armada,https://emerald.puzzlepirates.com/yoweb/crew/info.wm?crewid=5038152&classic=$classic,2026-10-05T23:23:06+00:00
https://emerald.puzzlepirates.com/yoweb/pirate.wm?classic=false&target=Mcdiggerjr,Mcdiggerjr,Grande Armada,https://emerald.puzzlepirates.com/yoweb/crew/info.wm?crewid=5038152&classic=$classic,2026-10-05T23:23:06+00:00
https://emerald.puzzlepirates.com/yoweb/pirate.wm?classic=false&target=Sakkoliha,Sakkoliha,Grande Armada,https://emerald.puzzlepirates.com/yoweb/crew/info.wm?crewid=5038152&classic=$classic,2026-10-05T23:23:06+00:00
https://emerald.puzzlepirates.com/yoweb/pirate.wm?classic=false&target=Caradon,Caradon,Grande Armada,https://emerald.puzzlepirates.com/yoweb/crew/info.wm?crewid=5038152&classic=$classic,2026-10-05T23:23:06+00:00
https://emerald.puzzlepirates.com/yoweb/pirate.wm?classic=false&target=Oati,Oati,Grande Armada,https://emerald.puzzlepirates.com/yoweb/crew/info.wm?crewid=5038152&classic=$classic,2026-10-05T23:23:06+00:00
https://emerald.puzzlepirates.com/yoweb/pirate.wm?classic=false&target=Profane,Profane,Grande Armada,https://emerald.puzzlepirates.com/yoweb/crew/info.wm?crewid=5038152&classic=$classic,2026-10-05T23:23:06+00:00
https://emerald.puzzlepirates.com/yoweb/pirate.wm?classic=false&target=Sebastean,Sebastean,Grande Armada,https://emerald.puzzlepirates.com/yoweb/crew/info.wm?crewid=5038152&classic=$classic,2026-10-05T23:23:06+00:00
https://emerald.puzzlepirates.com/yoweb/pirate.wm?classic=false&target=Verty,Verty,Grande Armada,https://emerald.puzzlepirates.com/yoweb/crew/info.wm?crewid=5038152&classic=$classic,2026-10-05T23:23:06+00:00
https://emerald.puzzlepirates.com/yoweb/pirate.wm?classic=false&target=Moetheschmoe,Moetheschmoe,Grande Armada,https://emerald.puzzlepirates.com/yoweb/crew/info.wm?crewid=5038152&classic=$classic,2026-10-05T23:23:06+00:00
https://emerald.puzzlepirates.com/yoweb/pirate.wm?classic=false&target=Mybalto,Mybalto,Grande Armada,https://emerald.puzzlepirates.com/yoweb/crew/info.wm?crewid=5038152&classic=$classic,2026-10-05T23:23:06+00:00
https://emerald.puzzlepirates.com/yoweb/pirate.wm?classic=false&target=Ronglo,Ronglo,Grande Armada,https://emerald.puzzlepirates.com/yoweb/crew/info.wm?crewid=5038152&classic=$classic,2026-10-05T23:23:06+00:00
https://emerald.puzzlepirates.com/yoweb/pirate.wm?classic=false&target=Skryty,Skryty,Grande Armada,https://emerald.puzzlepirates.com/yoweb/crew/info.wm?crewid=5038152&classic=$classic,2026-10-05T23:23:06+00:00
https://emerald.puzzlepirates.com/yoweb/pirate.wm?classic=false&target=Utreg,Utreg,Grande Armada,https://emerald.puzzlepirates.com/yoweb/crew/info.wm?crewid=5038152&classic=$classic,2026-10-05T23:23:06+00:00
https://emerald.puzzlepirates.com/yoweb/pirate.wm?classic=false&target=Wallisanchez,Wallisanchez,Grande Armada,https://emerald.puzzlepirates.com/yoweb/crew/info.wm?crewid=5038152&classic=$classic,2026-10-05T23:23:06+00:00
https://emerald.puzzlepirates.com/yoweb/pirate.wm?classic=false&target=Blushia,Blushia,Grande Armada,https://emerald.puzzlepirates.com/yoweb/crew/info.wm?crewid=5038152&classic=$classic,2026-10-05T23:23:06+00:00
https://emerald.puzzlepirates.com/yoweb/pirate.wm?classic=false&target=Burek,Burek,Grande Armada,https://emerald.puzzlepirates.com/yoweb/crew/info.wm?crewid=5038152&classic=$classic,2026-10-05T23:23:06+00:00
https://emerald.puzzlepirates.com/yoweb/pirate.wm?classic=false&target=Carticia,Carticia,Grande Armada,https://emerald.puzzlepirates.com/yoweb/crew/info.wm?crewid=5038152&classic=$classic,2026-10-05T23:23:06+00:00
https://emerald.puzzlepirates.com/yoweb/pirate.wm?classic=false&target=Druzzy,Druzzy,Grande Armada,https://emerald.puzzlepirates.com/yoweb/crew/info.wm?crewid=5038152&classic=$classic,2026-10-05T23:23:06+00:00
https://emerald.puzzlepirates.com/yoweb/pirate.wm?classic=false&target=Hanyue,Hanyue,Grande Armada,https://emerald.puzzlepirates.com/yoweb/crew/info.wm?crewid=5038152&classic=$classic,2026-10-05T23:23:06+00:00
https://emerald.puzzlepirates.com/yoweb/pirate.wm?classic=false&target=Sacaojos,Sacaojos,Grande Armada,https://emerald.puzzlepirates.com/yoweb/crew/info.wm?crewid=5038152&classic=$classic,2026-10-05T23:23:06+00:00
https://emerald.puzzlepirates.com/yoweb/pirate.wm?classic=false&target=Sickaura,Sickaura,Grande Armada,https://emerald.puzzlepirates.com/yoweb/crew/info.wm?crewid=5038152&classic=$classic,2026-10-05T23:23:06+00:00
https://emerald.puzzlepirates.com/yoweb/pirate.wm?classic=false&target=Soussy,Soussy,Grande Armada,https://emerald.puzzlepirates.com/yoweb/crew/info.wm?crewid=5038152&classic=$classic,2026-10-05T23:23:06+00:00
https://emerald.puzzlepirates.com/yoweb/pirate.wm?classic=false&target=Thecoyote,Thecoyote,New Frigs On The Block,https://emerald.puzzlepirates.com/yoweb/crew/info.wm?crewid=5037742&classic=$classic,2026-10-05T23:23:06+00:00
https://emerald.puzzlepirates.com/yoweb/pirate.wm?classic=false&target=Glubbotion,Glubbotion,New Frigs On The Block,https://emerald.puzzlepirates.com/yoweb/crew/info.wm?crewid=5037742&classic=$classic,2026-10-05T23:23:06+00:00
https://emerald.puzzlepirates.com/yoweb/pirate.wm?classic=false&target=Rikita,Rikita,New Frigs On The Block,https://emerald.puzzlepirates.com/yoweb/crew/info.wm?crewid=5037742&classic=$classic,2026-10-05T23:23:06+00:00
https://emerald.puzzlepirates.com/yoweb/pirate.wm?classic=false&target=Sassyclass,Sassyclass,New Frigs On The Block,https://emerald.puzzlepirates.com/yoweb/crew/info.wm?crewid=5037742&classic=$classic,2026-10-05T23:23:06+00:00
https://emerald.puzzlepirates.com/yoweb/pirate.wm?classic=false&target=Theory,Theory,New Frigs On The Block,https://emerald.puzzlepirates.com/yoweb/crew/info.wm?crewid=5037742&classic=$classic,2026-10-05T23:23:06+00:00
https://emerald.puzzlepirates.com/yoweb/pirate.wm?classic=false&target=Waznarre,Waznarre,New Frigs On The Block,https://emerald.puzzlepirates.com/yoweb/crew/info.wm?crewid=5037742&classic=$classic,2026-10-05T23:23:06+00:00
https://emerald.puzzlepirates.com/yoweb/pirate.wm?classic=false&target=Arog,Arog,New Frigs On The Block,https://emerald.puzzlepirates.com/yoweb/crew/info.wm?crewid=5037742&classic=$classic,2026-10-05T23:23:06+00:00
https://emerald.puzzlepirates.com/yoweb/pirate.wm?classic=false&target=Buckin,Buckin,New Frigs On The Block,https://emerald.puzzlepirates.com/yoweb/crew/info.wm?crewid=5037742&classic=$classic,2026-10-05T23:23:06+00:00
https://emerald.puzzlepirates.com/yoweb/pirate.wm?classic=false&target=Frigoff,Frigoff,New Frigs On The Block,https://emerald.puzzlepirates.com/yoweb/crew/info.wm?crewid=5037742&classic=$classic,2026-10-05T23:23:06+00:00
https://emerald.puzzlepirates.com/yoweb/pirate.wm?classic=false&target=Xristo,Xristo,New Frigs On The Block,https://emerald.puzzlepirates.com/yoweb/crew/info.wm?crewid=5037742&classic=$classic,2026-10-05T23:23:06+00:00
https://emerald.puzzlepirates.com/yoweb/pirate.wm?classic=false&target=Pizales,Pizales,Poison,https://emerald.puzzlepirates.com/yoweb/crew/info.wm?crewid=5031621&classic=$classic,2026-10-05T23:23:06+00:00
https://emerald.puzzlepirates.com/yoweb/pirate.wm?classic=false&target=Arogtwo,Arogtwo,Poison,https://emerald.puzzlepirates.com/yoweb/crew/info.wm?crewid=5031621&classic=$classic,2026-10-05T23:23:06+00:00
https://emerald.puzzlepirates.com/yoweb/pirate.wm?classic=false&target=Orangerabbit,Orangerabbit,Poison,https://emerald.puzzlepirates.com/yoweb/crew/info.wm?crewid=5031621&classic=$classic,2026-10-05T23:23:06+00:00
https://emerald.puzzlepirates.com/yoweb/pirate.wm?classic=false&target=Potts,Potts,Poison,https://emerald.puzzlepirates.com/yoweb/crew/info.wm?crewid=5031621&classic=$classic,2026-10-05T23:23:06+00:00
https://emerald.puzzlepirates.com/yoweb/pirate.wm?classic=false&target=Pottsalt,Pottsalt,Poison,https://emerald.puzzlepirates.com/yoweb/crew/info.wm?crewid=5031621&classic=$classic,2026-10-05T23:23:06+00:00
https://emerald.puzzlepirates.com/yoweb/pirate.wm?classic=false&target=Pottsxo,Pottsxo,Poison,https://emerald.puzzlepirates.com/yoweb/crew/info.wm?crewid=5031621&classic=$classic,2026-10-05T23:23:06+00:00
https://emerald.puzzlepirates.com/yoweb/pirate.wm?classic=false&target=Gaikokkheong,Gaikokkheong,Poison,https://emerald.puzzlepirates.com/yoweb/crew/info.wm?crewid=5031621&classic=$classic,2026-10-05T23:23:06+00:00
https://emerald.puzzlepirates.com/yoweb/pirate.wm?classic=false&target=Huntting,Huntting,Land's End Whalers,https://emerald.puzzlepirates.com/yoweb/crew/info.wm?crewid=5038211&classic=$classic,2026-10-05T23:23:06+00:00
https://emerald.puzzlepirates.com/yoweb/pirate.wm?classic=false&target=Bardbeard,Bardbeard,Land's End Whalers,https://emerald.puzzlepirates.com/yoweb/crew/info.wm?crewid=5038211&classic=$classic,2026-10-05T23:23:06+00:00
https://emerald.puzzlepirates.com/yoweb/pirate.wm?classic=false&target=Gordohibachi,Gordohibachi,Land's End Whalers,https://emerald.puzzlepirates.com/yoweb/crew/info.wm?crewid=5038211&classic=$classic,2026-10-05T23:23:06+00:00
https://emerald.puzzlepirates.com/yoweb/pirate.wm?classic=false&target=Johnoleaf,Johnoleaf,Land's End Whalers,https://emerald.puzzlepirates.com/yoweb/crew/info.wm?crewid=5038211&classic=$classic,2026-10-05T23:23:06+00:00
https://emerald.puzzlepirates.com/yoweb/pirate.wm?classic=false&target=Adiiola,Adiiola,Land's End Whalers,https://emerald.puzzlepirates.com/yoweb/crew/info.wm?crewid=5038211&classic=$classic,2026-10-05T23:23:06+00:00
https://emerald.puzzlepirates.com/yoweb/pirate.wm?classic=false&target=Sofifia,Sofifia,Land's End Whalers,https://emerald.puzzlepirates.com/yoweb/crew/info.wm?crewid=5038211&classic=$classic,2026-10-05T23:23:06+00:00
https://emerald.puzzlepirates.com/yoweb/pirate.wm?classic=false&target=Psychomantis,Psychomantis,The Royal Lima Navy,https://emerald.puzzlepirates.com/yoweb/crew/info.wm?crewid=5032958&classic=$classic,2026-10-05T23:23:06+00:00
https://emerald.puzzlepirates.com/yoweb/pirate.wm?classic=false&target=Lukecutlass,Lukecutlass,The Royal Lima Navy,https://emerald.puzzlepirates.com/yoweb/crew/info.wm?crewid=5032958&classic=$classic,2026-10-05T23:23:06+00:00
https://emerald.puzzlepirates.com/yoweb/pirate.wm?classic=false&target=Mackraken,Mackraken,The Royal Lima Navy,https://emerald.puzzlepirates.com/yoweb/crew/info.wm?crewid=5032958&classic=$classic,2026-10-05T23:23:06+00:00
https://emerald.puzzlepirates.com/yoweb/pirate.wm?classic=false&target=Geofvh,Geofvh,The Royal Lima Navy,https://emerald.puzzlepirates.com/yoweb/crew/info.wm?crewid=5032958&classic=$classic,2026-10-05T23:23:06+00:00
https://emerald.puzzlepirates.com/yoweb/pirate.wm?classic=false&target=Hawkshell,Hawkshell,The Royal Lima Navy,https://emerald.puzzlepirates.com/yoweb/crew/info.wm?crewid=5032958&classic=$classic,2026-10-05T23:23:06+00:00
https://emerald.puzzlepirates.com/yoweb/pirate.wm?classic=false&target=Albertpujols,Albertpujols,High Spirits Trading Co,https://emerald.puzzlepirates.com/yoweb/crew/info.wm?crewid=5038227&classic=$classic,2026-10-05T23:23:06+00:00
https://emerald.puzzlepirates.com/yoweb/pirate.wm?classic=false&target=Aleale,Aleale,High Spirits Trading Co,https://emerald.puzzlepirates.com/yoweb/crew/info.wm?crewid=5038227&classic=$classic,2026-10-05T23:23:06+00:00
https://emerald.puzzlepirates.com/yoweb/pirate.wm?classic=false&target=Bathbomb,Bathbomb,High Spirits Trading Co,https://emerald.puzzlepirates.com/yoweb/crew/info.wm?crewid=5038227&classic=$classic,2026-10-05T23:23:06+00:00
https://emerald.puzzlepirates.com/yoweb/pirate.wm?classic=false&target=Doktart,Doktart,High Spirits Trading Co,https://emerald.puzzlepirates.com/yoweb/crew/info.wm?crewid=5038227&classic=$classic,2026-10-05T23:23:06+00:00
https://emerald.puzzlepirates.com/yoweb/pirate.wm?classic=false&target=Hempless,Hempless,High Spirits Trading Co,https://emerald.puzzlepirates.com/yoweb/crew/info.wm?crewid=5038227&classic=$classic,2026-10-05T23:23:06+00:00
https://emerald.puzzlepirates.com/yoweb/pirate.wm?classic=false&target=Marienvonbal,Marienvonbal,Little Flower II,https://emerald.puzzlepirates.com/yoweb/crew/info.wm?crewid=5026736&classic=$classic,2026-10-05T23:23:06+00:00
https://emerald.puzzlepirates.com/yoweb/pirate.wm?classic=false&target=Deadwhale,Deadwhale,Little Flower II,https://emerald.puzzlepirates.com/yoweb/crew/info.wm?crewid=5026736&classic=$classic,2026-10-05T23:23:06+00:00
https://emerald.puzzlepirates.com/yoweb/pirate.wm?classic=false&target=Vampi,Vampi,Little Flower II,https://emerald.puzzlepirates.com/yoweb/crew/info.wm?crewid=5026736&classic=$classic,2026-10-05T23:23:06+00:00
https://emerald.puzzlepirates.com/yoweb/pirate.wm?classic=false&target=Ryterko,Ryterko,Little Flower II,https://emerald.puzzlepirates.com/yoweb/crew/info.wm?crewid=5026736&classic=$classic,2026-10-05T23:23:06+00:00
https://emerald.puzzlepirates.com/yoweb/pirate.wm?classic=false&target=Haltime,Haltime,Equanimity,https://emerald.puzzlepirates.com/yoweb/crew/info.wm?crewid=5038023&classic=$classic,2026-10-05T23:23:06+00:00
https://emerald.puzzlepirates.com/yoweb/pirate.wm?classic=false&target=Halcrime,Halcrime,Equanimity,https://emerald.puzzlepirates.com/yoweb/crew/info.wm?crewid=5038023&classic=$classic,2026-10-05T23:23:06+00:00
https://emerald.puzzlepirates.com/yoweb/pirate.wm?classic=false&target=Lesprit,Lesprit,Equanimity,https://emerald.puzzlepirates.com/yoweb/crew/info.wm?crewid=5038023&classic=$classic,2026-10-05T23:23:06+00:00
https://emerald.puzzlepirates.com/yoweb/pirate.wm?classic=false&target=Bkierzy,Bkierzy,Piece Keepers,https://emerald.puzzlepirates.com/yoweb/crew/info.wm?crewid=5037952&classic=$classic,2026-10-05T23:23:06+00:00
https://emerald.puzzlepirates.com/yoweb/pirate.wm?classic=false&target=Prrettywoman,Prrettywoman,Piece Keepers,https://emerald.puzzlepirates.com/yoweb/crew/info.wm?crewid=5037952&classic=$classic,2026-10-05T23:23:06+00:00
https://emerald.puzzlepirates.com/yoweb/pirate.wm?classic=false&target=Kindermaxi,Kindermaxi,Piece Keepers,https://emerald.puzzlepirates.com/yoweb/crew/info.wm?crewid=5037952&classic=$classic,2026-10-05T23:23:06+00:00
https://emerald.puzzlepirates.com/yoweb/pirate.wm?classic=false&target=Chuckupp,Chuckupp,Flow Buckets,https://emerald.puzzlepirates.com/yoweb/crew/info.wm?crewid=5031140&classic=$classic,2026-10-05T23:23:06+00:00
https://emerald.puzzlepirates.com/yoweb/pirate.wm?classic=false&target=Chuckchuck,Chuckchuck,Flow Buckets,https://emerald.puzzlepirates.com/yoweb/crew/info.wm?crewid=5031140&classic=$classic,2026-10-05T23:23:06+00:00
https://emerald.puzzlepirates.com/yoweb/pirate.wm?classic=false&target=Phauxx,Phauxx,Flow Buckets,https://emerald.puzzlepirates.com/yoweb/crew/info.wm?crewid=5031140&classic=$classic,2026-10-05T23:23:06+00:00
https://emerald.puzzlepirates.com/yoweb/pirate.wm?classic=false&target=Albatroni,Albatroni,The Toon Tide,https://emerald.puzzlepirates.com/yoweb/crew/info.wm?crewid=5038277&classic=$classic,2026-10-05T23:23:06+00:00
https://emerald.puzzlepirates.com/yoweb/pirate.wm?classic=false&target=Tinkalink,Tinkalink,The Toon Tide,https://emerald.puzzlepirates.com/yoweb/crew/info.wm?crewid=5038277&classic=$classic,2026-10-05T23:23:06+00:00
https://emerald.puzzlepirates.com/yoweb/pirate.wm?classic=false&target=Wodobols,Wodobols,The Boneheads,https://emerald.puzzlepirates.com/yoweb/crew/info.wm?crewid=5032685&classic=$classic,2026-10-05T23:23:06+00:00
https://emerald.puzzlepirates.com/yoweb/pirate.wm?classic=false&target=Jackspare,Jackspare,The Boneheads,https://emerald.puzzlepirates.com/yoweb/crew/info.wm?crewid=5032685&classic=$classic,2026-10-05T23:23:06+00:00
https://emerald.puzzlepirates.com/yoweb/pirate.wm?classic=false&target=Mariodela,Mariodela,The Boneheads,https://emerald.puzzlepirates.com/yoweb/crew/info.wm?crewid=5032685&classic=$classic,2026-10-05T23:23:06+00:00
https://emerald.puzzlepirates.com/yoweb/pirate.wm?classic=false&target=Kryptoff,Kryptoff,Taggart Transoceanic,https://emerald.puzzlepirates.com/yoweb/crew/info.wm?crewid=5033211&classic=$classic,2026-10-05T23:23:06+00:00
https://emerald.puzzlepirates.com/yoweb/pirate.wm?classic=false&target=Danconia,Danconia,Taggart Transoceanic,https://emerald.puzzlepirates.com/yoweb/crew/info.wm?crewid=5033211&classic=$classic,2026-10-05T23:23:06+00:00
https://emerald.puzzlepirates.com/yoweb/pirate.wm?classic=false&target=Roterik,Roterik,Taggart Transoceanic,https://emerald.puzzlepirates.com/yoweb/crew/info.wm?crewid=5033211&classic=$classic,2026-10-05T23:23:06+00:00
https://emerald.puzzlepirates.com/yoweb/pirate.wm?classic=false&target=Leftaii,Leftaii,Ice Melting,https://emerald.puzzlepirates.com/yoweb/crew/info.wm?crewid=5037720&classic=$classic,2026-10-05T23:23:06+00:00
https://emerald.puzzlepirates.com/yoweb/pirate.wm?classic=false&target=Jaihope,Jaihope,Ice Melting,https://emerald.puzzlepirates.com/yoweb/crew/info.wm?crewid=5037720&classic=$classic,2026-10-05T23:23:06+00:00
https://emerald.puzzlepirates.com/yoweb/pirate.wm?classic=false&target=Lovemimi,Lovemimi,Comic Relief,https://emerald.puzzlepirates.com/yoweb/crew/info.wm?crewid=5037127&classic=$classic,2026-10-05T23:23:06+00:00
https://emerald.puzzlepirates.com/yoweb/pirate.wm?classic=false&target=Idnyc,Idnyc,Comic Relief,https://emerald.puzzlepirates.com/yoweb/crew/info.wm?crewid=5037127&classic=$classic,2026-10-05T23:23:06+00:00
https://emerald.puzzlepirates.com/yoweb/pirate.wm?classic=false&target=Bnanaalchemy,Bnanaalchemy,Dead Reckoning,https://emerald.puzzlepirates.com/yoweb/crew/info.wm?crewid=5038094&classic=$classic,2026-10-05T23:23:06+00:00
https://emerald.puzzlepirates.com/yoweb/pirate.wm?classic=false&target=Veritasium,Veritasium,Dead Reckoning,https://emerald.puzzlepirates.com/yoweb/crew/info.wm?crewid=5038094&classic=$classic,2026-10-05T23:23:06+00:00
https://emerald.puzzlepirates.com/yoweb/pirate.wm?classic=false&target=Mscat,Mscat,Cats Meow,https://emerald.puzzlepirates.com/yoweb/crew/info.wm?crewid=5037649&classic=$classic,2026-10-05T23:23:06+00:00
https://emerald.puzzlepirates.com/yoweb/pirate.wm?classic=false&target=Babykangaroo,Babykangaroo,Crazy Cats,https://emerald.puzzlepirates.com/yoweb/crew/info.wm?crewid=5037696&classic=$classic,2026-10-05T23:23:06+00:00
https://emerald.puzzlepirates.com/yoweb/pirate.wm?classic=false&target=Lemontwist,Lemontwist,Deja Voodoo,https://emerald.puzzlepirates.com/yoweb/crew/info.wm?crewid=5037715&classic=$classic,2026-10-05T23:23:06+00:00
https://emerald.puzzlepirates.com/yoweb/pirate.wm?classic=false&target=Beean,Beean,Space Goats,https://emerald.puzzlepirates.com/yoweb/crew/info.wm?crewid=5037855&classic=$classic,2026-10-05T23:23:06+00:00
https://emerald.puzzlepirates.com/yoweb/pirate.wm?classic=false&target=Stopdroproll,Stopdroproll,FEIN,https://emerald.puzzlepirates.com/yoweb/crew/info.wm?crewid=5037154&classic=$classic,2026-10-05T23:23:06+00:00
https://emerald.puzzlepirates.com/yoweb/pirate.wm?classic=false&target=Lilbrodog,Lilbrodog,Neverafter,https://emerald.puzzlepirates.com/yoweb/crew/info.wm?crewid=5036473&classic=$classic,2026-10-05T23:23:06+00:00
https://emerald.puzzlepirates.com/yoweb/pirate.wm?classic=false&target=Rikitoevent,Rikitoevent,Booze Cruise,https://emerald.puzzlepirates.com/yoweb/crew/info.wm?crewid=5031812&classic=$classic,2026-10-05T23:23:06+00:00
https://emerald.puzzlepirates.com/yoweb/pirate.wm?classic=false&target=Vanhaahr,Vanhaahr,New Pirate Order,https://emerald.puzzlepirates.com/yoweb/crew/info.wm?crewid=5033376&classic=$classic,2026-10-05T23:23:06+00:00
https://emerald.puzzlepirates.com/yoweb/pirate.wm?classic=false&target=Zuzane,Zuzane,Wind Dogs,https://emerald.puzzlepirates.com/yoweb/crew/info.wm?crewid=5037440&classic=$classic,2026-10-05T23:23:06+00:00
https://emerald.puzzlepirates.com/yoweb/pirate.wm?classic=false&target=Gurlar,Gurlar,Roulette Pirates,https://emerald.puzzlepirates.com/yoweb/crew/info.wm?crewid=5037618&classic=$classic,2026-10-05T23:23:06+00:00
https://emerald.puzzlepirates.com/yoweb/pirate.wm?classic=false&target=Inthephantom,Inthephantom,RIO,https://emerald.puzzlepirates.com/yoweb/crew/info.wm?crewid=5037483&classic=$classic,2026-10-05T23:23:06+00:00
