Pirate Name,Crew Name,Shop Type,Shop size,Shop Name,Location,Display Shop,Ownership Role,Parse Status,Source URL,Shop Key,Last Updated (UTC)
Brocko,League of Shadows,Iron Monger,Shoppe,,,,Owns,failed,https://emerald.puzzlepirates.com/yoweb/pirate.wm?classic=false&target=Brocko,iron monger | shoppe |  | ,2026-08-28T01:30:57+00:00
Brocko,League of Shadows,Iron Monger,Shoppe,Tiny Balls,Sayers Rock,Tiny Balls on Sayers Rock,Owns,ok,https://emerald.puzzlepirates.com/yoweb/pirate.wm?classic=false&target=Brocko,iron monger | shoppe | tiny balls | sayers rock,2026-08-28T01:30:57+00:00
Brocko,League of Shadows,Distillery,Shoppe,Fiddy PoE,Armstrong Island,Fiddy PoE on Armstrong Island,Manages,ok,https://emerald.puzzlepirates.com/yoweb/pirate.wm?classic=false&target=Brocko,distillery | shoppe | fiddy poe | armstrong island,2026-08-28T01:30:57+00:00
Brocko,League of Shadows,Distillery,Shoppe,Rum in a Flash,Barbary Island,Rum in a Flash on Barbary Island,Manages,ok,https://emerald.puzzlepirates.com/yoweb/pirate.wm?classic=false&target=Brocko,distillery | shoppe | rum in a flash | barbary island,2026-08-28T01:30:57+00:00
Brocko,League of Shadows,Apothecary,Shoppe,The Dye-Vinci Code,Admiral Island,The Dye-Vinci Code on Admiral Island,Manages,ok,https://emerald.puzzlepirates.com/yoweb/pirate.wm?classic=false&target=Brocko,apothecary | shoppe | the dye-vinci code | admiral island,2026-08-28T01:30:57+00:00
Brocko,League of Shadows,Weavery,Shoppe,Ribbons and Bows,Armstrong Island,Ribbons and Bows on Armstrong Island,Manages,ok,https://emerald.puzzlepirates.com/yoweb/pirate.wm?classic=false&target=Brocko,weavery | shoppe | ribbons and bows | armstrong island,2026-08-28T01:30:57+00:00
Brocko,League of Shadows,Distillery,Shoppe,Alcoholics Anonymous,Admiral Island,Alcoholics Anonymous on Admiral Island,Manages,ok,https://emerald.puzzlepirates.com/yoweb/pirate.wm?classic=false&target=Brocko,distillery | shoppe | alcoholics anonymous | admiral island,2026-08-28T01:30:57+00:00
Brocko,League of Shadows,Apothecary,Shoppe,Dyenamite Spice,Arakoua Island,Dyenamite Spice on Arakoua Island,Manages,ok,https://emerald.puzzlepirates.com/yoweb/pirate.wm?classic=false&target=Brocko,apothecary | shoppe | dyenamite spice | arakoua island,2026-08-28T01:30:57+00:00
Als,League of Shadows,Apothecary,Shoppe,,,,Owns,failed,https://emerald.puzzlepirates.com/yoweb/pirate.wm?classic=false&target=Als,apothecary | shoppe |  | ,2026-08-28T01:30:57+00:00
Als,League of Shadows,Apothecary,Shoppe,Addicted,Barbary Island,Addicted on Barbary Island,Owns,ok,https://emerald.puzzlepirates.com/yoweb/pirate.wm?classic=false&target=Als,apothecary | shoppe | addicted | barbary island,2026-08-28T01:30:57+00:00
Als,League of Shadows,Apothecary,Shoppe,Turn A Blind Dye,Bowditch Island,Turn A Blind Dye on Bowditch Island,Owns,ok,https://emerald.puzzlepirates.com/yoweb/pirate.wm?classic=false&target=Als,apothecary | shoppe | turn a blind dye | bowditch island,2026-08-28T01:30:57+00:00
Als,League of Shadows,Iron Monger,Shoppe,Sweet Greedy Ballers,Sayers Rock,Sweet Greedy Ballers on Sayers Rock,Manages,ok,https://emerald.puzzlepirates.com/yoweb/pirate.wm?classic=false&target=Als,iron monger | shoppe | sweet greedy ballers | sayers rock,2026-08-28T01:30:57+00:00
Als,League of Shadows,Distillery,Shoppe,The Mashed Potato,Bowditch Island,The Mashed Potato on Bowditch Island,Manages,ok,https://emerald.puzzlepirates.com/yoweb/pirate.wm?classic=false&target=Als,distillery | shoppe | the mashed potato | bowditch island,2026-08-28T01:30:57+00:00
Als,League of Shadows,Shipyard,Shoppe,Marauder's Massif,Sayers Rock,Marauder's Massif on Sayers Rock,Manages,ok,https://emerald.puzzlepirates.com/yoweb/pirate.wm?classic=false&target=Als,shipyard | shoppe | marauder's massif | sayers rock,2026-08-28T01:30:57+00:00
Als,League of Shadows,Iron Monger,Stall,Outblacked's Ironworking Stall,Chachapoya Island,Outblacked's Ironworking Stall on Chachapoya Island,Manages,ok,https://emerald.puzzlepirates.com/yoweb/pirate.wm?classic=false&target=Als,iron monger | stall | outblacked's ironworking stall | chachapoya island,2026-08-28T01:30:57+00:00
Basenji,League of Shadows,Shipyard,Shoppe,,,,Manages,failed,https://emerald.puzzlepirates.com/yoweb/pirate.wm?classic=false&target=Basenji,shipyard | shoppe |  | ,2026-08-28T01:30:57+00:00
Basenji,League of Shadows,Shipyard,Shoppe,Saiph to Sail,Saiph Island,Saiph to Sail on Saiph Island,Manages,ok,https://emerald.puzzlepirates.com/yoweb/pirate.wm?classic=false&target=Basenji,shipyard | shoppe | saiph to sail | saiph island,2026-08-28T01:30:57+00:00
Basenji,League of Shadows,Shipyard,Shoppe,Kick Ash Repairs,Ashkelon Arch,Kick Ash Repairs on Ashkelon Arch,Manages,ok,https://emerald.puzzlepirates.com/yoweb/pirate.wm?classic=false&target=Basenji,shipyard | shoppe | kick ash repairs | ashkelon arch,2026-08-28T01:30:57+00:00
Basenji,League of Shadows,Apothecary,Shoppe,Slug and Jiggers,Alkaid Island,Slug and Jiggers on Alkaid Island,Manages,ok,https://emerald.puzzlepirates.com/yoweb/pirate.wm?classic=false&target=Basenji,apothecary | shoppe | slug and jiggers | alkaid island,2026-08-28T01:30:57+00:00
Basenji,League of Shadows,Palace,Shoppe,Such a Lovely Place,Ilha da Aguia,Such a Lovely Place on Ilha da Aguia,Manages,ok,https://emerald.puzzlepirates.com/yoweb/pirate.wm?classic=false&target=Basenji,palace | shoppe | such a lovely place | ilha da aguia,2026-08-28T01:30:57+00:00
Basenji,League of Shadows,Tailor,Shoppe,Fully Stitched,Admiral Island,Fully Stitched on Admiral Island,Manages,ok,https://emerald.puzzlepirates.com/yoweb/pirate.wm?classic=false&target=Basenji,tailor | shoppe | fully stitched | admiral island,2026-08-28T01:30:57+00:00
Basenji,League of Shadows,Apothecary,Shoppe,Turn A Blind Dye,Bowditch Island,Turn A Blind Dye on Bowditch Island,Manages,ok,https://emerald.puzzlepirates.com/yoweb/pirate.wm?classic=false&target=Basenji,apothecary | shoppe | turn a blind dye | bowditch island,2026-08-28T01:30:57+00:00
Basenji,League of Shadows,Distillery,Shoppe,Kukulkan Spirits,Sayers Rock,Kukulkan Spirits on Sayers Rock,Manages,ok,https://emerald.puzzlepirates.com/yoweb/pirate.wm?classic=false&target=Basenji,distillery | shoppe | kukulkan spirits | sayers rock,2026-08-28T01:30:57+00:00
Bigtimerz,League of Shadows,Weavery,Shoppe,,,,Owns,failed,https://emerald.puzzlepirates.com/yoweb/pirate.wm?classic=false&target=Bigtimerz,weavery | shoppe |  | ,2026-08-28T01:30:57+00:00
Bigtimerz,League of Shadows,Weavery,Shoppe,Ribbons and Bows,Armstrong Island,Ribbons and Bows on Armstrong Island,Owns,ok,https://emerald.puzzlepirates.com/yoweb/pirate.wm?classic=false&target=Bigtimerz,weavery | shoppe | ribbons and bows | armstrong island,2026-08-28T01:30:57+00:00
Bigtimerz,League of Shadows,Tailor,Stall,Bigtimerz's Tailoring Stall,Admiral Island,Bigtimerz's Tailoring Stall on Admiral Island,Owns,ok,https://emerald.puzzlepirates.com/yoweb/pirate.wm?classic=false&target=Bigtimerz,tailor | stall | bigtimerz's tailoring stall | admiral island,2026-08-28T01:30:57+00:00
Bigtimerz,League of Shadows,Tailor,Stall,Bigtimerzz's Tailoring Stall,Admiral Island,Bigtimerzz's Tailoring Stall on Admiral Island,Manages,ok,https://emerald.puzzlepirates.com/yoweb/pirate.wm?classic=false&target=Bigtimerz,tailor | stall | bigtimerzz's tailoring stall | admiral island,2026-08-28T01:30:57+00:00
Bowater,League of Shadows,Distillery,Shoppe,,,,Owns,failed,https://emerald.puzzlepirates.com/yoweb/pirate.wm?classic=false&target=Bowater,distillery | shoppe |  | ,2026-08-28T01:30:57+00:00
Bowater,League of Shadows,Distillery,Shoppe,The Brewery,Arakoua Island,The Brewery on Arakoua Island,Owns,ok,https://emerald.puzzlepirates.com/yoweb/pirate.wm?classic=false&target=Bowater,distillery | shoppe | the brewery | arakoua island,2026-08-28T01:30:57+00:00
Bowater,League of Shadows,Iron Monger,Shoppe,Big Heavy Balls,Caravanserai Island,Big Heavy Balls on Caravanserai Island,Owns,ok,https://emerald.puzzlepirates.com/yoweb/pirate.wm?classic=false&target=Bowater,iron monger | shoppe | big heavy balls | caravanserai island,2026-08-28T01:30:57+00:00
Bowater,League of Shadows,Tailor,Stall,Snapples's Tailoring Stall,Barbary Island,Snapples's Tailoring Stall on Barbary Island,Manages,ok,https://emerald.puzzlepirates.com/yoweb/pirate.wm?classic=false&target=Bowater,tailor | stall | snapples's tailoring stall | barbary island,2026-08-28T01:30:57+00:00
Classless,League of Shadows,Shipyard,Shoppe,,,,Manages,failed,https://emerald.puzzlepirates.com/yoweb/pirate.wm?classic=false&target=Classless,shipyard | shoppe |  | ,2026-08-28T01:30:57+00:00
Classless,League of Shadows,Shipyard,Shoppe,Saiph to Sail,Saiph Island,Saiph to Sail on Saiph Island,Manages,ok,https://emerald.puzzlepirates.com/yoweb/pirate.wm?classic=false&target=Classless,shipyard | shoppe | saiph to sail | saiph island,2026-08-28T01:30:57+00:00
Classless,League of Shadows,Shipyard,Shoppe,The Mast,Barbary Island,The Mast on Barbary Island,Manages,ok,https://emerald.puzzlepirates.com/yoweb/pirate.wm?classic=false&target=Classless,shipyard | shoppe | the mast | barbary island,2026-08-28T01:30:57+00:00
Classless,League of Shadows,Iron Monger,Shoppe,Adamantium Claws,Barbary Island,Adamantium Claws on Barbary Island,Manages,ok,https://emerald.puzzlepirates.com/yoweb/pirate.wm?classic=false&target=Classless,iron monger | shoppe | adamantium claws | barbary island,2026-08-28T01:30:57+00:00
Classless,League of Shadows,Fort,Shoppe,Saiph to Drink,Saiph Island,Saiph to Drink on Saiph Island,Manages,ok,https://emerald.puzzlepirates.com/yoweb/pirate.wm?classic=false&target=Classless,fort | shoppe | saiph to drink | saiph island,2026-08-28T01:30:57+00:00
Classless,League of Shadows,Weavery,Shoppe,Handwoven Hulks,Barbary Island,Handwoven Hulks on Barbary Island,Manages,ok,https://emerald.puzzlepirates.com/yoweb/pirate.wm?classic=false&target=Classless,weavery | shoppe | handwoven hulks | barbary island,2026-08-28T01:30:57+00:00
Classless,League of Shadows,Distillery,Shoppe,Grogma,Sayers Rock,Grogma on Sayers Rock,Manages,ok,https://emerald.puzzlepirates.com/yoweb/pirate.wm?classic=false&target=Classless,distillery | shoppe | grogma | sayers rock,2026-08-28T01:30:57+00:00
Classless,League of Shadows,Shipyard,Shoppe,Ship Faced,Aimuari Island,Ship Faced on Aimuari Island,Manages,ok,https://emerald.puzzlepirates.com/yoweb/pirate.wm?classic=false&target=Classless,shipyard | shoppe | ship faced | aimuari island,2026-08-28T01:30:57+00:00
Classless,League of Shadows,Distillery,Shoppe,Brews Banner,Barbary Island,Brews Banner on Barbary Island,Manages,ok,https://emerald.puzzlepirates.com/yoweb/pirate.wm?classic=false&target=Classless,distillery | shoppe | brews banner | barbary island,2026-08-28T01:30:57+00:00
Classless,League of Shadows,Distillery,Shoppe,Alcoholics Anonymous,Admiral Island,Alcoholics Anonymous on Admiral Island,Manages,ok,https://emerald.puzzlepirates.com/yoweb/pirate.wm?classic=false&target=Classless,distillery | shoppe | alcoholics anonymous | admiral island,2026-08-28T01:30:57+00:00
Classless,League of Shadows,Apothecary,Shoppe,All Dyes,You on Sayers Rock,All Dyes on You on Sayers Rock,Manages,ok,https://emerald.puzzlepirates.com/yoweb/pirate.wm?classic=false&target=Classless,apothecary | shoppe | all dyes | you on sayers rock,2026-08-28T01:30:57+00:00
Classless,League of Shadows,Iron Monger,Shoppe,Pure Balls,Alkaid Island,Pure Balls on Alkaid Island,Manages,ok,https://emerald.puzzlepirates.com/yoweb/pirate.wm?classic=false&target=Classless,iron monger | shoppe | pure balls | alkaid island,2026-08-28T01:30:57+00:00
Classless,League of Shadows,Apothecary,Shoppe,Dyed and Rose Again,Barbary Island,Dyed and Rose Again on Barbary Island,Manages,ok,https://emerald.puzzlepirates.com/yoweb/pirate.wm?classic=false&target=Classless,apothecary | shoppe | dyed and rose again | barbary island,2026-08-28T01:30:57+00:00
Classless,League of Shadows,Shipyard,Shoppe,Kick Ash Repairs,Ashkelon Arch,Kick Ash Repairs on Ashkelon Arch,Manages,ok,https://emerald.puzzlepirates.com/yoweb/pirate.wm?classic=false&target=Classless,shipyard | shoppe | kick ash repairs | ashkelon arch,2026-08-28T01:30:57+00:00
Classless,League of Shadows,Iron Monger,Shoppe,Swords of the Rings,Admiral Island,Swords of the Rings on Admiral Island,Manages,ok,https://emerald.puzzlepirates.com/yoweb/pirate.wm?classic=false&target=Classless,iron monger | shoppe | swords of the rings | admiral island,2026-08-28T01:30:57+00:00
Classless,League of Shadows,Apothecary,Shoppe,The Dye-Vinci Code,Admiral Island,The Dye-Vinci Code on Admiral Island,Manages,ok,https://emerald.puzzlepirates.com/yoweb/pirate.wm?classic=false&target=Classless,apothecary | shoppe | the dye-vinci code | admiral island,2026-08-28T01:30:57+00:00
Classless,League of Shadows,Iron Monger,Shoppe,The Ore House,Sayers Rock,The Ore House on Sayers Rock,Manages,ok,https://emerald.puzzlepirates.com/yoweb/pirate.wm?classic=false&target=Classless,iron monger | shoppe | the ore house | sayers rock,2026-08-28T01:30:57+00:00
Classless,League of Shadows,Distillery,Shoppe,One-Fifty-One Malibu Rum,Scrimshaw Island,One-Fifty-One Malibu Rum on Scrimshaw Island,Manages,ok,https://emerald.puzzlepirates.com/yoweb/pirate.wm?classic=false&target=Classless,distillery | shoppe | one-fifty-one malibu rum | scrimshaw island,2026-08-28T01:30:57+00:00
Classless,League of Shadows,Iron Monger,Stall,Ananananana's Ironworking Stall,The Lowland Hundred,Ananananana's Ironworking Stall on The Lowland Hundred,Manages,ok,https://emerald.puzzlepirates.com/yoweb/pirate.wm?classic=false&target=Classless,iron monger | stall | ananananana's ironworking stall | the lowland hundred,2026-08-28T01:30:57+00:00
Classless,League of Shadows,Distillery,Stall,Ananananana's Distilling Stall,The Lowland Hundred,Ananananana's Distilling Stall on The Lowland Hundred,Manages,ok,https://emerald.puzzlepirates.com/yoweb/pirate.wm?classic=false&target=Classless,distillery | stall | ananananana's distilling stall | the lowland hundred,2026-08-28T01:30:57+00:00
Frigathunter,League of Shadows,Shipyard,Shoppe,,,,Manages,failed,https://emerald.puzzlepirates.com/yoweb/pirate.wm?classic=false&target=Frigathunter,shipyard | shoppe |  | ,2026-08-28T01:30:57+00:00
Frigathunter,League of Shadows,Shipyard,Shoppe,The Drunk Junk,Penobscot Island,The Drunk Junk on Penobscot Island,Manages,ok,https://emerald.puzzlepirates.com/yoweb/pirate.wm?classic=false&target=Frigathunter,shipyard | shoppe | the drunk junk | penobscot island,2026-08-28T01:30:57+00:00
Frigathunter,League of Shadows,Apothecary,Shoppe,Dyenamite Spice,Arakoua Island,Dyenamite Spice on Arakoua Island,Manages,ok,https://emerald.puzzlepirates.com/yoweb/pirate.wm?classic=false&target=Frigathunter,apothecary | shoppe | dyenamite spice | arakoua island,2026-08-28T01:30:57+00:00
Frigathunter,League of Shadows,Apothecary,Shoppe,Slug and Jiggers,Alkaid Island,Slug and Jiggers on Alkaid Island,Manages,ok,https://emerald.puzzlepirates.com/yoweb/pirate.wm?classic=false&target=Frigathunter,apothecary | shoppe | slug and jiggers | alkaid island,2026-08-28T01:30:57+00:00
Frigathunter,League of Shadows,Fort,Shoppe,The Drunk Bunk,Penobscot Island,The Drunk Bunk on Penobscot Island,Manages,ok,https://emerald.puzzlepirates.com/yoweb/pirate.wm?classic=false&target=Frigathunter,fort | shoppe | the drunk bunk | penobscot island,2026-08-28T01:30:57+00:00
Gelatoisback,League of Shadows,Tailor,Shoppe,,,,Manages,failed,https://emerald.puzzlepirates.com/yoweb/pirate.wm?classic=false&target=Gelatoisback,tailor | shoppe |  | ,2026-08-28T01:30:57+00:00
Gelatoisback,League of Shadows,Tailor,Stall,Snapples's Tailoring Stall,Barbary Island,Snapples's Tailoring Stall on Barbary Island,Manages,ok,https://emerald.puzzlepirates.com/yoweb/pirate.wm?classic=false&target=Gelatoisback,tailor | stall | snapples's tailoring stall | barbary island,2026-08-28T01:30:57+00:00
Lekeekle,League of Shadows,Distillery,Shoppe,,,,Owns,failed,https://emerald.puzzlepirates.com/yoweb/pirate.wm?classic=false&target=Lekeekle,distillery | shoppe |  | ,2026-08-28T01:30:57+00:00
Lekeekle,League of Shadows,Distillery,Shoppe,The Mashed Potato,Bowditch Island,The Mashed Potato on Bowditch Island,Owns,ok,https://emerald.puzzlepirates.com/yoweb/pirate.wm?classic=false&target=Lekeekle,distillery | shoppe | the mashed potato | bowditch island,2026-08-28T01:30:57+00:00
Lekeekle,League of Shadows,Weavery,Shoppe,Daydream Beweaver,Alkaid Island,Daydream Beweaver on Alkaid Island,Owns,ok,https://emerald.puzzlepirates.com/yoweb/pirate.wm?classic=false&target=Lekeekle,weavery | shoppe | daydream beweaver | alkaid island,2026-08-28T01:30:57+00:00
Lekeekle,League of Shadows,Weavery,Shoppe,Wheel of Fortune,Sayers Rock,Wheel of Fortune on Sayers Rock,Owns,ok,https://emerald.puzzlepirates.com/yoweb/pirate.wm?classic=false&target=Lekeekle,weavery | shoppe | wheel of fortune | sayers rock,2026-08-28T01:30:57+00:00
Lekeekle,League of Shadows,Iron Monger,Shoppe,Hammered Spirits,Barbary Island,Hammered Spirits on Barbary Island,Owns,ok,https://emerald.puzzlepirates.com/yoweb/pirate.wm?classic=false&target=Lekeekle,iron monger | shoppe | hammered spirits | barbary island,2026-08-28T01:30:57+00:00
Lekeekle,League of Shadows,Iron Monger,Shoppe,Iron Draught,Barbary Island,Iron Draught on Barbary Island,Owns,ok,https://emerald.puzzlepirates.com/yoweb/pirate.wm?classic=false&target=Lekeekle,iron monger | shoppe | iron draught | barbary island,2026-08-28T01:30:57+00:00
Lekeekle,League of Shadows,Weavery,Stall,Lekeekle's Weaving Stall,Wensleydale,Lekeekle's Weaving Stall on Wensleydale,Owns,ok,https://emerald.puzzlepirates.com/yoweb/pirate.wm?classic=false&target=Lekeekle,weavery | stall | lekeekle's weaving stall | wensleydale,2026-08-28T01:30:57+00:00
Lekeekle,League of Shadows,Iron Monger,Stall,Lekeekle's Ironworking Stall,Hubble's Eye,Lekeekle's Ironworking Stall on Hubble's Eye,Owns,ok,https://emerald.puzzlepirates.com/yoweb/pirate.wm?classic=false&target=Lekeekle,iron monger | stall | lekeekle's ironworking stall | hubble's eye,2026-08-28T01:30:57+00:00
Lekeekle,League of Shadows,Iron Monger,Stall,Lekeekle's Ironworking Stall,Isle of Kent,Lekeekle's Ironworking Stall on Isle of Kent,Owns,ok,https://emerald.puzzlepirates.com/yoweb/pirate.wm?classic=false&target=Lekeekle,iron monger | stall | lekeekle's ironworking stall | isle of kent,2026-08-28T01:30:57+00:00
Lekeekle,League of Shadows,Weavery,Stall,Ginnginger's Weaving Stall,Wensleydale,Ginnginger's Weaving Stall on Wensleydale,Manages,ok,https://emerald.puzzlepirates.com/yoweb/pirate.wm?classic=false&target=Lekeekle,weavery | stall | ginnginger's weaving stall | wensleydale,2026-08-28T01:30:57+00:00
Narrewaz,League of Shadows,Shipyard,Shoppe,,,,Owns,failed,https://emerald.puzzlepirates.com/yoweb/pirate.wm?classic=false&target=Narrewaz,shipyard | shoppe |  | ,2026-08-28T01:30:57+00:00
Narrewaz,League of Shadows,Shipyard,Shoppe,The Mast,Barbary Island,The Mast on Barbary Island,Owns,ok,https://emerald.puzzlepirates.com/yoweb/pirate.wm?classic=false&target=Narrewaz,shipyard | shoppe | the mast | barbary island,2026-08-28T01:30:57+00:00
Narrewaz,League of Shadows,Iron Monger,Shoppe,Adamantium Claws,Barbary Island,Adamantium Claws on Barbary Island,Owns,ok,https://emerald.puzzlepirates.com/yoweb/pirate.wm?classic=false&target=Narrewaz,iron monger | shoppe | adamantium claws | barbary island,2026-08-28T01:30:57+00:00
Narrewaz,League of Shadows,Distillery,Shoppe,Barnacle Brews,Scrimshaw Island,Barnacle Brews on Scrimshaw Island,Owns,ok,https://emerald.puzzlepirates.com/yoweb/pirate.wm?classic=false&target=Narrewaz,distillery | shoppe | barnacle brews | scrimshaw island,2026-08-28T01:30:57+00:00
Narrewaz,League of Shadows,Iron Monger,Shoppe,Swords of the Rings,Admiral Island,Swords of the Rings on Admiral Island,Owns,ok,https://emerald.puzzlepirates.com/yoweb/pirate.wm?classic=false&target=Narrewaz,iron monger | shoppe | swords of the rings | admiral island,2026-08-28T01:30:57+00:00
Narrewaz,League of Shadows,Weavery,Shoppe,Handwoven Hulks,Barbary Island,Handwoven Hulks on Barbary Island,Owns,ok,https://emerald.puzzlepirates.com/yoweb/pirate.wm?classic=false&target=Narrewaz,weavery | shoppe | handwoven hulks | barbary island,2026-08-28T01:30:57+00:00
Narrewaz,League of Shadows,Apothecary,Shoppe,The Dye-Vinci Code,Admiral Island,The Dye-Vinci Code on Admiral Island,Owns,ok,https://emerald.puzzlepirates.com/yoweb/pirate.wm?classic=false&target=Narrewaz,apothecary | shoppe | the dye-vinci code | admiral island,2026-08-28T01:30:57+00:00
Narrewaz,League of Shadows,Iron Monger,Shoppe,The Ore House,Sayers Rock,The Ore House on Sayers Rock,Owns,ok,https://emerald.puzzlepirates.com/yoweb/pirate.wm?classic=false&target=Narrewaz,iron monger | shoppe | the ore house | sayers rock,2026-08-28T01:30:57+00:00
Narrewaz,League of Shadows,Distillery,Shoppe,Grogma,Sayers Rock,Grogma on Sayers Rock,Owns,ok,https://emerald.puzzlepirates.com/yoweb/pirate.wm?classic=false&target=Narrewaz,distillery | shoppe | grogma | sayers rock,2026-08-28T01:30:57+00:00
Narrewaz,League of Shadows,Distillery,Shoppe,Brews Banner,Barbary Island,Brews Banner on Barbary Island,Owns,ok,https://emerald.puzzlepirates.com/yoweb/pirate.wm?classic=false&target=Narrewaz,distillery | shoppe | brews banner | barbary island,2026-08-28T01:30:57+00:00
Narrewaz,League of Shadows,Distillery,Shoppe,Alcoholics Anonymous,Admiral Island,Alcoholics Anonymous on Admiral Island,Owns,ok,https://emerald.puzzlepirates.com/yoweb/pirate.wm?classic=false&target=Narrewaz,distillery | shoppe | alcoholics anonymous | admiral island,2026-08-28T01:30:57+00:00
Narrewaz,League of Shadows,Apothecary,Shoppe,All Dyes,You on Sayers Rock,All Dyes on You on Sayers Rock,Owns,ok,https://emerald.puzzlepirates.com/yoweb/pirate.wm?classic=false&target=Narrewaz,apothecary | shoppe | all dyes | you on sayers rock,2026-08-28T01:30:57+00:00
Narrewaz,League of Shadows,Distillery,Shoppe,Pour It Up,Armstrong Island,Pour It Up on Armstrong Island,Owns,ok,https://emerald.puzzlepirates.com/yoweb/pirate.wm?classic=false&target=Narrewaz,distillery | shoppe | pour it up | armstrong island,2026-08-28T01:30:57+00:00
Narrewaz,League of Shadows,Tailor,Shoppe,Up Shirt Creek,Sayers Rock,Up Shirt Creek on Sayers Rock,Owns,ok,https://emerald.puzzlepirates.com/yoweb/pirate.wm?classic=false&target=Narrewaz,tailor | shoppe | up shirt creek | sayers rock,2026-08-28T01:30:57+00:00
Narrewaz,League of Shadows,Distillery,Shoppe,One-Fifty-One Malibu Rum,Scrimshaw Island,One-Fifty-One Malibu Rum on Scrimshaw Island,Owns,ok,https://emerald.puzzlepirates.com/yoweb/pirate.wm?classic=false&target=Narrewaz,distillery | shoppe | one-fifty-one malibu rum | scrimshaw island,2026-08-28T01:30:57+00:00
Narrewaz,League of Shadows,Apothecary,Shoppe,Dyed and Rose Again,Barbary Island,Dyed and Rose Again on Barbary Island,Owns,ok,https://emerald.puzzlepirates.com/yoweb/pirate.wm?classic=false&target=Narrewaz,apothecary | shoppe | dyed and rose again | barbary island,2026-08-28T01:30:57+00:00
Narrewaz,League of Shadows,Distillery,Shoppe,Liquor To Die For,Aimuari Island,Liquor To Die For on Aimuari Island,Owns,ok,https://emerald.puzzlepirates.com/yoweb/pirate.wm?classic=false&target=Narrewaz,distillery | shoppe | liquor to die for | aimuari island,2026-08-28T01:30:57+00:00
Narrewaz,League of Shadows,Fort,Shoppe,Kick Ash Fort,Ashkelon Arch,Kick Ash Fort on Ashkelon Arch,Manages,ok,https://emerald.puzzlepirates.com/yoweb/pirate.wm?classic=false&target=Narrewaz,fort | shoppe | kick ash fort | ashkelon arch,2026-08-28T01:30:57+00:00
Narrewaz,League of Shadows,Shipyard,Shoppe,Ship Faced,Aimuari Island,Ship Faced on Aimuari Island,Manages,ok,https://emerald.puzzlepirates.com/yoweb/pirate.wm?classic=false&target=Narrewaz,shipyard | shoppe | ship faced | aimuari island,2026-08-28T01:30:57+00:00
Narrewaz,League of Shadows,Weavery,Shoppe,Ribbons and Bows,Armstrong Island,Ribbons and Bows on Armstrong Island,Manages,ok,https://emerald.puzzlepirates.com/yoweb/pirate.wm?classic=false&target=Narrewaz,weavery | shoppe | ribbons and bows | armstrong island,2026-08-28T01:30:57+00:00
Rikitoc,League of Shadows,Shipyard,Shoppe,,,,Manages,failed,https://emerald.puzzlepirates.com/yoweb/pirate.wm?classic=false&target=Rikitoc,shipyard | shoppe |  | ,2026-08-28T01:30:57+00:00
Rikitoc,League of Shadows,Shipyard,Shoppe,Saiph to Sail,Saiph Island,Saiph to Sail on Saiph Island,Manages,ok,https://emerald.puzzlepirates.com/yoweb/pirate.wm?classic=false&target=Rikitoc,shipyard | shoppe | saiph to sail | saiph island,2026-08-28T01:30:57+00:00
Rikitoc,League of Shadows,Shipyard,Shoppe,Kick Ash Repairs,Ashkelon Arch,Kick Ash Repairs on Ashkelon Arch,Manages,ok,https://emerald.puzzlepirates.com/yoweb/pirate.wm?classic=false&target=Rikitoc,shipyard | shoppe | kick ash repairs | ashkelon arch,2026-08-28T01:30:57+00:00
Rikitoc,League of Shadows,Fort,Shoppe,Kick Ash Fort,Ashkelon Arch,Kick Ash Fort on Ashkelon Arch,Manages,ok,https://emerald.puzzlepirates.com/yoweb/pirate.wm?classic=false&target=Rikitoc,fort | shoppe | kick ash fort | ashkelon arch,2026-08-28T01:30:57+00:00
Rikitoc,League of Shadows,Fort,Shoppe,Saiph to Drink,Saiph Island,Saiph to Drink on Saiph Island,Manages,ok,https://emerald.puzzlepirates.com/yoweb/pirate.wm?classic=false&target=Rikitoc,fort | shoppe | saiph to drink | saiph island,2026-08-28T01:30:57+00:00
Rikitoc,League of Shadows,Iron Monger,Stall,Rikitoc's Ironworking Stall,Admiral Island,Rikitoc's Ironworking Stall on Admiral Island,Owns,ok,https://emerald.puzzlepirates.com/yoweb/pirate.wm?classic=false&target=Rikitoc,iron monger | stall | rikitoc's ironworking stall | admiral island,2026-08-28T01:30:57+00:00
Wraps,League of Shadows,Shipyard,Shoppe,,,,Owns,failed,https://emerald.puzzlepirates.com/yoweb/pirate.wm?classic=false&target=Wraps,shipyard | shoppe |  | ,2026-08-28T01:30:57+00:00
Wraps,League of Shadows,Shipyard,Shoppe,Saiph to Sail,Saiph Island,Saiph to Sail on Saiph Island,Owns,ok,https://emerald.puzzlepirates.com/yoweb/pirate.wm?classic=false&target=Wraps,shipyard | shoppe | saiph to sail | saiph island,2026-08-28T01:30:57+00:00
Wraps,League of Shadows,Shipyard,Shoppe,Kick Ash Repairs,Ashkelon Arch,Kick Ash Repairs on Ashkelon Arch,Owns,ok,https://emerald.puzzlepirates.com/yoweb/pirate.wm?classic=false&target=Wraps,shipyard | shoppe | kick ash repairs | ashkelon arch,2026-08-28T01:30:57+00:00
Wraps,League of Shadows,Fort,Shoppe,Kick Ash Fort,Ashkelon Arch,Kick Ash Fort on Ashkelon Arch,Owns,ok,https://emerald.puzzlepirates.com/yoweb/pirate.wm?classic=false&target=Wraps,fort | shoppe | kick ash fort | ashkelon arch,2026-08-28T01:30:57+00:00
Wraps,League of Shadows,Fort,Shoppe,Saiph to Drink,Saiph Island,Saiph to Drink on Saiph Island,Owns,ok,https://emerald.puzzlepirates.com/yoweb/pirate.wm?classic=false&target=Wraps,fort | shoppe | saiph to drink | saiph island,2026-08-28T01:30:57+00:00
Advice,League of Shadows,Furnisher,Shoppe,,,,Owns,failed,https://emerald.puzzlepirates.com/yoweb/pirate.wm?classic=false&target=Advice,furnisher | shoppe |  | ,2026-08-28T01:30:57+00:00
Advice,League of Shadows,Furnisher,Shoppe,Built Different,Admiral Island,Built Different on Admiral Island,Owns,ok,https://emerald.puzzlepirates.com/yoweb/pirate.wm?classic=false&target=Advice,furnisher | shoppe | built different | admiral island,2026-08-28T01:30:57+00:00
Advice,League of Shadows,Tailor,Shoppe,Sew It Seams,Admiral Island,Sew It Seams on Admiral Island,Owns,ok,https://emerald.puzzlepirates.com/yoweb/pirate.wm?classic=false&target=Advice,tailor | shoppe | sew it seams | admiral island,2026-08-28T01:30:57+00:00
Advice,League of Shadows,Shipyard,Shoppe,Holy Ship,Barbary Island,Holy Ship on Barbary Island,Owns,ok,https://emerald.puzzlepirates.com/yoweb/pirate.wm?classic=false&target=Advice,shipyard | shoppe | holy ship | barbary island,2026-08-28T01:30:57+00:00
Advice,League of Shadows,Shipyard,Shoppe,Ship Happens,Admiral Island,Ship Happens on Admiral Island,Owns,ok,https://emerald.puzzlepirates.com/yoweb/pirate.wm?classic=false&target=Advice,shipyard | shoppe | ship happens | admiral island,2026-08-28T01:30:57+00:00
Arogers,League of Shadows,Iron Monger,Shoppe,,,,Owns,failed,https://emerald.puzzlepirates.com/yoweb/pirate.wm?classic=false&target=Arogers,iron monger | shoppe |  | ,2026-08-28T01:30:57+00:00
Arogers,League of Shadows,Iron Monger,Shoppe,Defense Against The Dark Arts,Sayers Rock,Defense Against The Dark Arts on Sayers Rock,Owns,ok,https://emerald.puzzlepirates.com/yoweb/pirate.wm?classic=false&target=Arogers,iron monger | shoppe | defense against the dark arts | sayers rock,2026-08-28T01:30:57+00:00
Arogers,League of Shadows,Apothecary,Shoppe,Potions Class,Sayers Rock,Potions Class on Sayers Rock,Owns,ok,https://emerald.puzzlepirates.com/yoweb/pirate.wm?classic=false&target=Arogers,apothecary | shoppe | potions class | sayers rock,2026-08-28T01:30:57+00:00
Arogers,League of Shadows,Apothecary,Shoppe,Mischief Managed,Barbary Island,Mischief Managed on Barbary Island,Owns,ok,https://emerald.puzzlepirates.com/yoweb/pirate.wm?classic=false&target=Arogers,apothecary | shoppe | mischief managed | barbary island,2026-08-28T01:30:57+00:00
Arogers,League of Shadows,Apothecary,Shoppe,Deathly Hallows,Alkaid Island,Deathly Hallows on Alkaid Island,Owns,ok,https://emerald.puzzlepirates.com/yoweb/pirate.wm?classic=false&target=Arogers,apothecary | shoppe | deathly hallows | alkaid island,2026-08-28T01:30:57+00:00
Arogers,League of Shadows,Apothecary,Shoppe,Turn A Blind Dye,Bowditch Island,Turn A Blind Dye on Bowditch Island,Manages,ok,https://emerald.puzzlepirates.com/yoweb/pirate.wm?classic=false&target=Arogers,apothecary | shoppe | turn a blind dye | bowditch island,2026-08-28T01:30:57+00:00
Arogers,League of Shadows,Distillery,Shoppe,Kukulkan Spirits,Sayers Rock,Kukulkan Spirits on Sayers Rock,Manages,ok,https://emerald.puzzlepirates.com/yoweb/pirate.wm?classic=false&target=Arogers,distillery | shoppe | kukulkan spirits | sayers rock,2026-08-28T01:30:57+00:00
Bighitter,League of Shadows,Tailor,Shoppe,,,,Owns,failed,https://emerald.puzzlepirates.com/yoweb/pirate.wm?classic=false&target=Bighitter,tailor | shoppe |  | ,2026-08-28T01:30:57+00:00
Bighitter,League of Shadows,Tailor,Stall,Bighitter's Tailoring Stall,Admiral Island,Bighitter's Tailoring Stall on Admiral Island,Owns,ok,https://emerald.puzzlepirates.com/yoweb/pirate.wm?classic=false&target=Bighitter,tailor | stall | bighitter's tailoring stall | admiral island,2026-08-28T01:30:57+00:00
Gablett,League of Shadows,Iron Monger,Shoppe,,,,Owns,failed,https://emerald.puzzlepirates.com/yoweb/pirate.wm?classic=false&target=Gablett,iron monger | shoppe |  | ,2026-08-28T01:30:57+00:00
Gablett,League of Shadows,Iron Monger,Stall,Gablett's Ironworking Stall,Caravanserai Island,Gablett's Ironworking Stall on Caravanserai Island,Owns,ok,https://emerald.puzzlepirates.com/yoweb/pirate.wm?classic=false&target=Gablett,iron monger | stall | gablett's ironworking stall | caravanserai island,2026-08-28T01:30:57+00:00
Noojee,League of Shadows,Shipyard,Shoppe,,,,Manages,failed,https://emerald.puzzlepirates.com/yoweb/pirate.wm?classic=false&target=Noojee,shipyard | shoppe |  | ,2026-08-28T01:30:57+00:00
Noojee,League of Shadows,Shipyard,Shoppe,Ship Faced,Aimuari Island,Ship Faced on Aimuari Island,Manages,ok,https://emerald.puzzlepirates.com/yoweb/pirate.wm?classic=false&target=Noojee,shipyard | shoppe | ship faced | aimuari island,2026-08-28T01:30:57+00:00
Noojee,League of Shadows,Distillery,Shoppe,Liquor To Die For,Aimuari Island,Liquor To Die For on Aimuari Island,Manages,ok,https://emerald.puzzlepirates.com/yoweb/pirate.wm?classic=false&target=Noojee,distillery | shoppe | liquor to die for | aimuari island,2026-08-28T01:30:57+00:00
Scallywagpte,League of Shadows,Shipyard,Shoppe,,,,Owns,failed,https://emerald.puzzlepirates.com/yoweb/pirate.wm?classic=false&target=Scallywagpte,shipyard | shoppe |  | ,2026-08-28T01:30:57+00:00
Scallywagpte,League of Shadows,Shipyard,Shoppe,League of Legends,Aimuari Island,League of Legends on Aimuari Island,Owns,ok,https://emerald.puzzlepirates.com/yoweb/pirate.wm?classic=false&target=Scallywagpte,shipyard | shoppe | league of legends | aimuari island,2026-08-28T01:30:57+00:00
Scallywagpte,League of Shadows,Tailor,Stall,Scallywagpte's Tailoring Stall,Pukru Island,Scallywagpte's Tailoring Stall on Pukru Island,Owns,ok,https://emerald.puzzlepirates.com/yoweb/pirate.wm?classic=false&target=Scallywagpte,tailor | stall | scallywagpte's tailoring stall | pukru island,2026-08-28T01:30:57+00:00
Sips,League of Shadows,Iron Monger,Shoppe,,,,Owns,failed,https://emerald.puzzlepirates.com/yoweb/pirate.wm?classic=false&target=Sips,iron monger | shoppe |  | ,2026-08-28T01:30:57+00:00
Sips,League of Shadows,Iron Monger,Shoppe,Bullet,Barbary Island,Bullet on Barbary Island,Owns,ok,https://emerald.puzzlepirates.com/yoweb/pirate.wm?classic=false&target=Sips,iron monger | shoppe | bullet | barbary island,2026-08-28T01:30:57+00:00
Bulgarria,League of Shadows,Shipyard,Shoppe,,,,Owns,failed,https://emerald.puzzlepirates.com/yoweb/pirate.wm?classic=false&target=Bulgarria,shipyard | shoppe |  | ,2026-08-28T01:30:57+00:00
Bulgarria,League of Shadows,Shipyard,Shoppe,Why Why,Sayers Rock,Why Why on Sayers Rock,Owns,ok,https://emerald.puzzlepirates.com/yoweb/pirate.wm?classic=false&target=Bulgarria,shipyard | shoppe | why why | sayers rock,2026-08-28T01:30:57+00:00
Dardanos,League of Shadows,Tailor,Shoppe,,,,Owns,failed,https://emerald.puzzlepirates.com/yoweb/pirate.wm?classic=false&target=Dardanos,tailor | shoppe |  | ,2026-08-28T01:30:57+00:00
Dardanos,League of Shadows,Tailor,Stall,Dardanos's Tailoring Stall,Admiral Island,Dardanos's Tailoring Stall on Admiral Island,Owns,ok,https://emerald.puzzlepirates.com/yoweb/pirate.wm?classic=false&target=Dardanos,tailor | stall | dardanos's tailoring stall | admiral island,2026-08-28T01:30:57+00:00
Demantoid,League of Shadows,Shipyard,Shoppe,,,,Manages,failed,https://emerald.puzzlepirates.com/yoweb/pirate.wm?classic=false&target=Demantoid,shipyard | shoppe |  | ,2026-08-28T01:30:57+00:00
Demantoid,League of Shadows,Shipyard,Shoppe,League of Legends,Aimuari Island,League of Legends on Aimuari Island,Manages,ok,https://emerald.puzzlepirates.com/yoweb/pirate.wm?classic=false&target=Demantoid,shipyard | shoppe | league of legends | aimuari island,2026-08-28T01:30:57+00:00
Demantoid,League of Shadows,Tailor,Stall,Scallywagpte's Tailoring Stall,Pukru Island,Scallywagpte's Tailoring Stall on Pukru Island,Manages,ok,https://emerald.puzzlepirates.com/yoweb/pirate.wm?classic=false&target=Demantoid,tailor | stall | scallywagpte's tailoring stall | pukru island,2026-08-28T01:30:57+00:00
Holywatr,League of Shadows,Apothecary,Shoppe,,,,Owns,failed,https://emerald.puzzlepirates.com/yoweb/pirate.wm?classic=false&target=Holywatr,apothecary | shoppe |  | ,2026-08-28T01:30:57+00:00
Holywatr,League of Shadows,Apothecary,Stall,Holywatr's Apothecary Stall,Bowditch Island,Holywatr's Apothecary Stall on Bowditch Island,Owns,ok,https://emerald.puzzlepirates.com/yoweb/pirate.wm?classic=false&target=Holywatr,apothecary | stall | holywatr's apothecary stall | bowditch island,2026-08-28T01:30:57+00:00
Jackybob,League of Shadows,Iron Monger,Shoppe,,,,Owns,failed,https://emerald.puzzlepirates.com/yoweb/pirate.wm?classic=false&target=Jackybob,iron monger | shoppe |  | ,2026-08-28T01:30:57+00:00
Jackybob,League of Shadows,Iron Monger,Stall,Jackybob's Ironworking Stall,Admiral Island,Jackybob's Ironworking Stall on Admiral Island,Owns,ok,https://emerald.puzzlepirates.com/yoweb/pirate.wm?classic=false&target=Jackybob,iron monger | stall | jackybob's ironworking stall | admiral island,2026-08-28T01:30:57+00:00
Kichling,League of Shadows,Iron Monger,Shoppe,,,,Owns,failed,https://emerald.puzzlepirates.com/yoweb/pirate.wm?classic=false&target=Kichling,iron monger | shoppe |  | ,2026-08-28T01:30:57+00:00
Kichling,League of Shadows,Iron Monger,Stall,Kichling's Ironworking Stall,Scrimshaw Island,Kichling's Ironworking Stall on Scrimshaw Island,Owns,ok,https://emerald.puzzlepirates.com/yoweb/pirate.wm?classic=false&target=Kichling,iron monger | stall | kichling's ironworking stall | scrimshaw island,2026-08-28T01:30:57+00:00
Yohogimipoe,League of Shadows,Shipyard,Shoppe,,,,Manages,failed,https://emerald.puzzlepirates.com/yoweb/pirate.wm?classic=false&target=Yohogimipoe,shipyard | shoppe |  | ,2026-08-28T01:30:57+00:00
Yohogimipoe,League of Shadows,Shipyard,Shoppe,Shipyard Repair Place,Alkaid Island,Shipyard Repair Place on Alkaid Island,Manages,ok,https://emerald.puzzlepirates.com/yoweb/pirate.wm?classic=false&target=Yohogimipoe,shipyard | shoppe | shipyard repair place | alkaid island,2026-08-28T01:30:57+00:00
Yohogimipoe,League of Shadows,Apothecary,Shoppe,Outlaws Cocktails,Alkaid Island,Outlaws Cocktails on Alkaid Island,Manages,ok,https://emerald.puzzlepirates.com/yoweb/pirate.wm?classic=false&target=Yohogimipoe,apothecary | shoppe | outlaws cocktails | alkaid island,2026-08-28T01:30:57+00:00
Ginnginger,League of Shadows,Distillery,Shoppe,,,,Owns,failed,https://emerald.puzzlepirates.com/yoweb/pirate.wm?classic=false&target=Ginnginger,distillery | shoppe |  | ,2026-08-28T01:30:57+00:00
Ginnginger,League of Shadows,Distillery,Stall,Ginnginger's Distilling Stall,Wensleydale,Ginnginger's Distilling Stall on Wensleydale,Owns,ok,https://emerald.puzzlepirates.com/yoweb/pirate.wm?classic=false&target=Ginnginger,distillery | stall | ginnginger's distilling stall | wensleydale,2026-08-28T01:30:57+00:00
Ginnginger,League of Shadows,Weavery,Stall,Ginnginger's Weaving Stall,Wensleydale,Ginnginger's Weaving Stall on Wensleydale,Owns,ok,https://emerald.puzzlepirates.com/yoweb/pirate.wm?classic=false&target=Ginnginger,weavery | stall | ginnginger's weaving stall | wensleydale,2026-08-28T01:30:57+00:00
Goobz,Grande Armada,Shipyard,Shoppe,,,,Manages,failed,https://emerald.puzzlepirates.com/yoweb/pirate.wm?classic=false&target=Goobz,shipyard | shoppe |  | ,2026-08-28T01:30:57+00:00
Goobz,Grande Armada,Shipyard,Shoppe,The Drunk Junk,Penobscot Island,The Drunk Junk on Penobscot Island,Manages,ok,https://emerald.puzzlepirates.com/yoweb/pirate.wm?classic=false&target=Goobz,shipyard | shoppe | the drunk junk | penobscot island,2026-08-28T01:30:57+00:00
Goobz,Grande Armada,Iron Monger,Shoppe,Tiny Balls,Sayers Rock,Tiny Balls on Sayers Rock,Manages,ok,https://emerald.puzzlepirates.com/yoweb/pirate.wm?classic=false&target=Goobz,iron monger | shoppe | tiny balls | sayers rock,2026-08-28T01:30:57+00:00
Goobz,Grande Armada,Apothecary,Shoppe,Dyenamite Spice,Arakoua Island,Dyenamite Spice on Arakoua Island,Manages,ok,https://emerald.puzzlepirates.com/yoweb/pirate.wm?classic=false&target=Goobz,apothecary | shoppe | dyenamite spice | arakoua island,2026-08-28T01:30:57+00:00
Goobz,Grande Armada,Iron Monger,Stall,Goobz's Ironworking Stall,Quetzal Island,Goobz's Ironworking Stall on Quetzal Island,Owns,ok,https://emerald.puzzlepirates.com/yoweb/pirate.wm?classic=false&target=Goobz,iron monger | stall | goobz's ironworking stall | quetzal island,2026-08-28T01:30:57+00:00
Goobz,Grande Armada,Iron Monger,Stall,Goobz's Ironworking Stall,Ilha da Aguia,Goobz's Ironworking Stall on Ilha da Aguia,Owns,ok,https://emerald.puzzlepirates.com/yoweb/pirate.wm?classic=false&target=Goobz,iron monger | stall | goobz's ironworking stall | ilha da aguia,2026-08-28T01:30:57+00:00
Goobz,Grande Armada,Iron Monger,Stall,Goobz's Ironworking Stall,Aimuari Island,Goobz's Ironworking Stall on Aimuari Island,Owns,ok,https://emerald.puzzlepirates.com/yoweb/pirate.wm?classic=false&target=Goobz,iron monger | stall | goobz's ironworking stall | aimuari island,2026-08-28T01:30:57+00:00
Goobz,Grande Armada,Iron Monger,Stall,Goobz's Ironworking Stall,Bowditch Island,Goobz's Ironworking Stall on Bowditch Island,Owns,ok,https://emerald.puzzlepirates.com/yoweb/pirate.wm?classic=false&target=Goobz,iron monger | stall | goobz's ironworking stall | bowditch island,2026-08-28T01:30:57+00:00
Goobz,Grande Armada,Iron Monger,Stall,Goobz's Ironworking Stall,Hubble's Eye,Goobz's Ironworking Stall on Hubble's Eye,Owns,ok,https://emerald.puzzlepirates.com/yoweb/pirate.wm?classic=false&target=Goobz,iron monger | stall | goobz's ironworking stall | hubble's eye,2026-08-28T01:30:57+00:00
Goobz,Grande Armada,Iron Monger,Stall,Elsiebee's Ironworking Stall,Hubble's Eye,Elsiebee's Ironworking Stall on Hubble's Eye,Manages,ok,https://emerald.puzzlepirates.com/yoweb/pirate.wm?classic=false&target=Goobz,iron monger | stall | elsiebee's ironworking stall | hubble's eye,2026-08-28T01:30:57+00:00
Goobz,Grande Armada,Iron Monger,Stall,Dxirez's Ironworking Stall,Chachapoya Island,Dxirez's Ironworking Stall on Chachapoya Island,Manages,ok,https://emerald.puzzlepirates.com/yoweb/pirate.wm?classic=false&target=Goobz,iron monger | stall | dxirez's ironworking stall | chachapoya island,2026-08-28T01:30:57+00:00
Goobz,Grande Armada,Iron Monger,Stall,Elsiebee's Ironworking Stall,Bowditch Island,Elsiebee's Ironworking Stall on Bowditch Island,Manages,ok,https://emerald.puzzlepirates.com/yoweb/pirate.wm?classic=false&target=Goobz,iron monger | stall | elsiebee's ironworking stall | bowditch island,2026-08-28T01:30:57+00:00
Arkouda,Grande Armada,Distillery,Shoppe,,,,Owns,failed,https://emerald.puzzlepirates.com/yoweb/pirate.wm?classic=false&target=Arkouda,distillery | shoppe |  | ,2026-08-28T01:30:57+00:00
Arkouda,Grande Armada,Distillery,Stall,Arkouda's Distilling Stall,Quetzal Island,Arkouda's Distilling Stall on Quetzal Island,Owns,ok,https://emerald.puzzlepirates.com/yoweb/pirate.wm?classic=false&target=Arkouda,distillery | stall | arkouda's distilling stall | quetzal island,2026-08-28T01:30:57+00:00
Arkouda,Grande Armada,Distillery,Stall,Dxirez's Distilling Stall,Chachapoya Island,Dxirez's Distilling Stall on Chachapoya Island,Manages,ok,https://emerald.puzzlepirates.com/yoweb/pirate.wm?classic=false&target=Arkouda,distillery | stall | dxirez's distilling stall | chachapoya island,2026-08-28T01:30:57+00:00
Arkouda,Grande Armada,Iron Monger,Stall,Goobz's Ironworking Stall,Ilha da Aguia,Goobz's Ironworking Stall on Ilha da Aguia,Manages,ok,https://emerald.puzzlepirates.com/yoweb/pirate.wm?classic=false&target=Arkouda,iron monger | stall | goobz's ironworking stall | ilha da aguia,2026-08-28T01:30:57+00:00
Arkouda,Grande Armada,Apothecary,Stall,Dxirez's Apothecary Stall,Chachapoya Island,Dxirez's Apothecary Stall on Chachapoya Island,Manages,ok,https://emerald.puzzlepirates.com/yoweb/pirate.wm?classic=false&target=Arkouda,apothecary | stall | dxirez's apothecary stall | chachapoya island,2026-08-28T01:30:57+00:00
Arkouda,Grande Armada,Iron Monger,Stall,Goobz's Ironworking Stall,Quetzal Island,Goobz's Ironworking Stall on Quetzal Island,Manages,ok,https://emerald.puzzlepirates.com/yoweb/pirate.wm?classic=false&target=Arkouda,iron monger | stall | goobz's ironworking stall | quetzal island,2026-08-28T01:30:57+00:00
Arkouda,Grande Armada,Iron Monger,Stall,Dxirez's Ironworking Stall,Chachapoya Island,Dxirez's Ironworking Stall on Chachapoya Island,Manages,ok,https://emerald.puzzlepirates.com/yoweb/pirate.wm?classic=false&target=Arkouda,iron monger | stall | dxirez's ironworking stall | chachapoya island,2026-08-28T01:30:57+00:00
Arkouda,Grande Armada,Iron Monger,Stall,Goobz's Ironworking Stall,Hubble's Eye,Goobz's Ironworking Stall on Hubble's Eye,Manages,ok,https://emerald.puzzlepirates.com/yoweb/pirate.wm?classic=false&target=Arkouda,iron monger | stall | goobz's ironworking stall | hubble's eye,2026-08-28T01:30:57+00:00
Arkouda,Grande Armada,Iron Monger,Stall,Goobz's Ironworking Stall,Aimuari Island,Goobz's Ironworking Stall on Aimuari Island,Manages,ok,https://emerald.puzzlepirates.com/yoweb/pirate.wm?classic=false&target=Arkouda,iron monger | stall | goobz's ironworking stall | aimuari island,2026-08-28T01:30:57+00:00
Dxirez,Grande Armada,Apothecary,Shoppe,,,,Owns,failed,https://emerald.puzzlepirates.com/yoweb/pirate.wm?classic=false&target=Dxirez,apothecary | shoppe |  | ,2026-08-28T01:30:57+00:00
Dxirez,Grande Armada,Apothecary,Stall,Dxirez's Apothecary Stall,Quetzal Island,Dxirez's Apothecary Stall on Quetzal Island,Owns,ok,https://emerald.puzzlepirates.com/yoweb/pirate.wm?classic=false&target=Dxirez,apothecary | stall | dxirez's apothecary stall | quetzal island,2026-08-28T01:30:57+00:00
Dxirez,Grande Armada,Apothecary,Stall,Dxirez's Apothecary Stall,Chachapoya Island,Dxirez's Apothecary Stall on Chachapoya Island,Owns,ok,https://emerald.puzzlepirates.com/yoweb/pirate.wm?classic=false&target=Dxirez,apothecary | stall | dxirez's apothecary stall | chachapoya island,2026-08-28T01:30:57+00:00
Dxirez,Grande Armada,Iron Monger,Stall,Dxirez's Ironworking Stall,Chachapoya Island,Dxirez's Ironworking Stall on Chachapoya Island,Owns,ok,https://emerald.puzzlepirates.com/yoweb/pirate.wm?classic=false&target=Dxirez,iron monger | stall | dxirez's ironworking stall | chachapoya island,2026-08-28T01:30:57+00:00
Dxirez,Grande Armada,Distillery,Stall,Dxirez's Distilling Stall,Chachapoya Island,Dxirez's Distilling Stall on Chachapoya Island,Owns,ok,https://emerald.puzzlepirates.com/yoweb/pirate.wm?classic=false&target=Dxirez,distillery | stall | dxirez's distilling stall | chachapoya island,2026-08-28T01:30:57+00:00
Dxirez,Grande Armada,Apothecary,Stall,Dxirez's Apothecary Stall,Aimuari Island,Dxirez's Apothecary Stall on Aimuari Island,Owns,ok,https://emerald.puzzlepirates.com/yoweb/pirate.wm?classic=false&target=Dxirez,apothecary | stall | dxirez's apothecary stall | aimuari island,2026-08-28T01:30:57+00:00
Sakkoliha,Grande Armada,Apothecary,Shoppe,,,,Manages,failed,https://emerald.puzzlepirates.com/yoweb/pirate.wm?classic=false&target=Sakkoliha,apothecary | shoppe |  | ,2026-08-28T01:30:57+00:00
Sakkoliha,Grande Armada,Apothecary,Stall,Dxirez's Apothecary Stall,Chachapoya Island,Dxirez's Apothecary Stall on Chachapoya Island,Manages,ok,https://emerald.puzzlepirates.com/yoweb/pirate.wm?classic=false&target=Sakkoliha,apothecary | stall | dxirez's apothecary stall | chachapoya island,2026-08-28T01:30:57+00:00
Mcdiggerjr,Grande Armada,Iron Monger,Shoppe,,,,Manages,failed,https://emerald.puzzlepirates.com/yoweb/pirate.wm?classic=false&target=Mcdiggerjr,iron monger | shoppe |  | ,2026-08-28T01:30:57+00:00
Mcdiggerjr,Grande Armada,Iron Monger,Stall,Goobz's Ironworking Stall,Ilha da Aguia,Goobz's Ironworking Stall on Ilha da Aguia,Manages,ok,https://emerald.puzzlepirates.com/yoweb/pirate.wm?classic=false&target=Mcdiggerjr,iron monger | stall | goobz's ironworking stall | ilha da aguia,2026-08-28T01:30:57+00:00
Mcdiggerjr,Grande Armada,Apothecary,Stall,Dxirez's Apothecary Stall,Aimuari Island,Dxirez's Apothecary Stall on Aimuari Island,Manages,ok,https://emerald.puzzlepirates.com/yoweb/pirate.wm?classic=false&target=Mcdiggerjr,apothecary | stall | dxirez's apothecary stall | aimuari island,2026-08-28T01:30:57+00:00
Mcdiggerjr,Grande Armada,Iron Monger,Stall,Goobz's Ironworking Stall,Hubble's Eye,Goobz's Ironworking Stall on Hubble's Eye,Manages,ok,https://emerald.puzzlepirates.com/yoweb/pirate.wm?classic=false&target=Mcdiggerjr,iron monger | stall | goobz's ironworking stall | hubble's eye,2026-08-28T01:30:57+00:00
Mcdiggerjr,Grande Armada,Iron Monger,Stall,Goobz's Ironworking Stall,Aimuari Island,Goobz's Ironworking Stall on Aimuari Island,Manages,ok,https://emerald.puzzlepirates.com/yoweb/pirate.wm?classic=false&target=Mcdiggerjr,iron monger | stall | goobz's ironworking stall | aimuari island,2026-08-28T01:30:57+00:00
Mcdiggerjr,Grande Armada,Iron Monger,Stall,Goobz's Ironworking Stall,Quetzal Island,Goobz's Ironworking Stall on Quetzal Island,Manages,ok,https://emerald.puzzlepirates.com/yoweb/pirate.wm?classic=false&target=Mcdiggerjr,iron monger | stall | goobz's ironworking stall | quetzal island,2026-08-28T01:30:57+00:00
Hiromi,Grande Armada,Apothecary,Shoppe,,,,Manages,failed,https://emerald.puzzlepirates.com/yoweb/pirate.wm?classic=false&target=Hiromi,apothecary | shoppe |  | ,2026-08-28T01:30:57+00:00
Hiromi,Grande Armada,Apothecary,Stall,Dxirez's Apothecary Stall,Quetzal Island,Dxirez's Apothecary Stall on Quetzal Island,Manages,ok,https://emerald.puzzlepirates.com/yoweb/pirate.wm?classic=false&target=Hiromi,apothecary | stall | dxirez's apothecary stall | quetzal island,2026-08-28T01:30:57+00:00
Hiromi,Grande Armada,Apothecary,Stall,Dxirez's Apothecary Stall,Aimuari Island,Dxirez's Apothecary Stall on Aimuari Island,Manages,ok,https://emerald.puzzlepirates.com/yoweb/pirate.wm?classic=false&target=Hiromi,apothecary | stall | dxirez's apothecary stall | aimuari island,2026-08-28T01:30:57+00:00
Alazais,Grande Armada,Apothecary,Shoppe,,,,Owns,failed,https://emerald.puzzlepirates.com/yoweb/pirate.wm?classic=false&target=Alazais,apothecary | shoppe |  | ,2026-08-28T01:30:57+00:00
Alazais,Grande Armada,Apothecary,Stall,Alazais's Apothecary Stall,Aimuari Island,Alazais's Apothecary Stall on Aimuari Island,Owns,ok,https://emerald.puzzlepirates.com/yoweb/pirate.wm?classic=false&target=Alazais,apothecary | stall | alazais's apothecary stall | aimuari island,2026-08-28T01:30:57+00:00
Elsiebee,Grande Armada,Iron Monger,Shoppe,,,,Owns,failed,https://emerald.puzzlepirates.com/yoweb/pirate.wm?classic=false&target=Elsiebee,iron monger | shoppe |  | ,2026-08-28T01:30:57+00:00
Elsiebee,Grande Armada,Iron Monger,Stall,Elsiebee's Ironworking Stall,Hubble's Eye,Elsiebee's Ironworking Stall on Hubble's Eye,Owns,ok,https://emerald.puzzlepirates.com/yoweb/pirate.wm?classic=false&target=Elsiebee,iron monger | stall | elsiebee's ironworking stall | hubble's eye,2026-08-28T01:30:57+00:00
Elsiebee,Grande Armada,Iron Monger,Stall,Elsiebee's Ironworking Stall,Bowditch Island,Elsiebee's Ironworking Stall on Bowditch Island,Owns,ok,https://emerald.puzzlepirates.com/yoweb/pirate.wm?classic=false&target=Elsiebee,iron monger | stall | elsiebee's ironworking stall | bowditch island,2026-08-28T01:30:57+00:00
Wallan,Imperial Front,Apothecary,Shoppe,,,,Owns,failed,https://emerald.puzzlepirates.com/yoweb/pirate.wm?classic=false&target=Wallan,apothecary | shoppe |  | ,2026-08-28T01:30:57+00:00
Wallan,Imperial Front,Apothecary,Shoppe,The Painter,Sayers Rock,The Painter on Sayers Rock,Owns,ok,https://emerald.puzzlepirates.com/yoweb/pirate.wm?classic=false&target=Wallan,apothecary | shoppe | the painter | sayers rock,2026-08-28T01:30:57+00:00
Wallan,Imperial Front,Shipyard,Shoppe,The Chariot,Sayers Rock,The Chariot on Sayers Rock,Owns,ok,https://emerald.puzzlepirates.com/yoweb/pirate.wm?classic=false&target=Wallan,shipyard | shoppe | the chariot | sayers rock,2026-08-28T01:30:57+00:00
Wallan,Imperial Front,Iron Monger,Shoppe,The Forge,Sayers Rock,The Forge on Sayers Rock,Manages,ok,https://emerald.puzzlepirates.com/yoweb/pirate.wm?classic=false&target=Wallan,iron monger | shoppe | the forge | sayers rock,2026-08-28T01:30:57+00:00
Wallan,Imperial Front,Palace,Shoppe,Such a Lovely Place,Ilha da Aguia,Such a Lovely Place on Ilha da Aguia,Manages,ok,https://emerald.puzzlepirates.com/yoweb/pirate.wm?classic=false&target=Wallan,palace | shoppe | such a lovely place | ilha da aguia,2026-08-28T01:30:57+00:00
Wallan,Imperial Front,Apothecary,Shoppe,Mischief Managed,Barbary Island,Mischief Managed on Barbary Island,Manages,ok,https://emerald.puzzlepirates.com/yoweb/pirate.wm?classic=false&target=Wallan,apothecary | shoppe | mischief managed | barbary island,2026-08-28T01:30:57+00:00
Wallan,Imperial Front,Iron Monger,Shoppe,Defense Against The Dark Arts,Sayers Rock,Defense Against The Dark Arts on Sayers Rock,Manages,ok,https://emerald.puzzlepirates.com/yoweb/pirate.wm?classic=false&target=Wallan,iron monger | shoppe | defense against the dark arts | sayers rock,2026-08-28T01:30:57+00:00
Wallan,Imperial Front,Apothecary,Shoppe,Deathly Hallows,Alkaid Island,Deathly Hallows on Alkaid Island,Manages,ok,https://emerald.puzzlepirates.com/yoweb/pirate.wm?classic=false&target=Wallan,apothecary | shoppe | deathly hallows | alkaid island,2026-08-28T01:30:57+00:00
Wallan,Imperial Front,Distillery,Shoppe,Kukulkan Spirits,Sayers Rock,Kukulkan Spirits on Sayers Rock,Manages,ok,https://emerald.puzzlepirates.com/yoweb/pirate.wm?classic=false&target=Wallan,distillery | shoppe | kukulkan spirits | sayers rock,2026-08-28T01:30:57+00:00
Wallan,Imperial Front,Iron Monger,Stall,Wallan's Ironworking Stall,Armstrong Island,Wallan's Ironworking Stall on Armstrong Island,Owns,ok,https://emerald.puzzlepirates.com/yoweb/pirate.wm?classic=false&target=Wallan,iron monger | stall | wallan's ironworking stall | armstrong island,2026-08-28T01:30:57+00:00
Wallan,Imperial Front,Weavery,Stall,Pyke's Weaving Stall,Sayers Rock,Pyke's Weaving Stall on Sayers Rock,Manages,ok,https://emerald.puzzlepirates.com/yoweb/pirate.wm?classic=false&target=Wallan,weavery | stall | pyke's weaving stall | sayers rock,2026-08-28T01:30:57+00:00
Wallan,Imperial Front,Apothecary,Stall,Auraluna's Apothecary Stall,Admiral Island,Auraluna's Apothecary Stall on Admiral Island,Manages,ok,https://emerald.puzzlepirates.com/yoweb/pirate.wm?classic=false&target=Wallan,apothecary | stall | auraluna's apothecary stall | admiral island,2026-08-28T01:30:57+00:00
Athlena,Imperial Front,Shipyard,Shoppe,,,,Manages,failed,https://emerald.puzzlepirates.com/yoweb/pirate.wm?classic=false&target=Athlena,shipyard | shoppe |  | ,2026-08-28T01:30:57+00:00
Athlena,Imperial Front,Shipyard,Shoppe,The Drunk Junk,Penobscot Island,The Drunk Junk on Penobscot Island,Manages,ok,https://emerald.puzzlepirates.com/yoweb/pirate.wm?classic=false&target=Athlena,shipyard | shoppe | the drunk junk | penobscot island,2026-08-28T01:30:57+00:00
Athlena,Imperial Front,Apothecary,Shoppe,Dyenamite Spice,Arakoua Island,Dyenamite Spice on Arakoua Island,Manages,ok,https://emerald.puzzlepirates.com/yoweb/pirate.wm?classic=false&target=Athlena,apothecary | shoppe | dyenamite spice | arakoua island,2026-08-28T01:30:57+00:00
Athlena,Imperial Front,Apothecary,Shoppe,Deathly Hallows,Alkaid Island,Deathly Hallows on Alkaid Island,Manages,ok,https://emerald.puzzlepirates.com/yoweb/pirate.wm?classic=false&target=Athlena,apothecary | shoppe | deathly hallows | alkaid island,2026-08-28T01:30:57+00:00
Athlena,Imperial Front,Distillery,Shoppe,Kukulkan Spirits,Sayers Rock,Kukulkan Spirits on Sayers Rock,Manages,ok,https://emerald.puzzlepirates.com/yoweb/pirate.wm?classic=false&target=Athlena,distillery | shoppe | kukulkan spirits | sayers rock,2026-08-28T01:30:57+00:00
Athlena,Imperial Front,Iron Monger,Stall,Athlena's Ironworking Stall,Scrimshaw Island,Athlena's Ironworking Stall on Scrimshaw Island,Owns,ok,https://emerald.puzzlepirates.com/yoweb/pirate.wm?classic=false&target=Athlena,iron monger | stall | athlena's ironworking stall | scrimshaw island,2026-08-28T01:30:57+00:00
Auraluna,Imperial Front,Iron Monger,Shoppe,,,,Owns,failed,https://emerald.puzzlepirates.com/yoweb/pirate.wm?classic=false&target=Auraluna,iron monger | shoppe |  | ,2026-08-28T01:30:57+00:00
Auraluna,Imperial Front,Iron Monger,Shoppe,The Forge,Sayers Rock,The Forge on Sayers Rock,Owns,ok,https://emerald.puzzlepirates.com/yoweb/pirate.wm?classic=false&target=Auraluna,iron monger | shoppe | the forge | sayers rock,2026-08-28T01:30:57+00:00
Auraluna,Imperial Front,Tailor,Shoppe,Buy Me,Admiral Island,Buy Me on Admiral Island,Owns,ok,https://emerald.puzzlepirates.com/yoweb/pirate.wm?classic=false&target=Auraluna,tailor | shoppe | buy me | admiral island,2026-08-28T01:30:57+00:00
Auraluna,Imperial Front,Distillery,Shoppe,Distill My Heart,Alkaid Island,Distill My Heart on Alkaid Island,Manages,ok,https://emerald.puzzlepirates.com/yoweb/pirate.wm?classic=false&target=Auraluna,distillery | shoppe | distill my heart | alkaid island,2026-08-28T01:30:57+00:00
Auraluna,Imperial Front,Shipyard,Shoppe,The Chariot,Sayers Rock,The Chariot on Sayers Rock,Manages,ok,https://emerald.puzzlepirates.com/yoweb/pirate.wm?classic=false&target=Auraluna,shipyard | shoppe | the chariot | sayers rock,2026-08-28T01:30:57+00:00
Auraluna,Imperial Front,Apothecary,Shoppe,The Painter,Sayers Rock,The Painter on Sayers Rock,Manages,ok,https://emerald.puzzlepirates.com/yoweb/pirate.wm?classic=false&target=Auraluna,apothecary | shoppe | the painter | sayers rock,2026-08-28T01:30:57+00:00
Auraluna,Imperial Front,Apothecary,Stall,Auraluna's Apothecary Stall,Admiral Island,Auraluna's Apothecary Stall on Admiral Island,Owns,ok,https://emerald.puzzlepirates.com/yoweb/pirate.wm?classic=false&target=Auraluna,apothecary | stall | auraluna's apothecary stall | admiral island,2026-08-28T01:30:57+00:00
Pyke,Imperial Front,Palace,Shoppe,,,,Owns,failed,https://emerald.puzzlepirates.com/yoweb/pirate.wm?classic=false&target=Pyke,palace | shoppe |  | ,2026-08-28T01:30:57+00:00
Pyke,Imperial Front,Palace,Shoppe,Such a Lovely Place,Ilha da Aguia,Such a Lovely Place on Ilha da Aguia,Owns,ok,https://emerald.puzzlepirates.com/yoweb/pirate.wm?classic=false&target=Pyke,palace | shoppe | such a lovely place | ilha da aguia,2026-08-28T01:30:57+00:00
Pyke,Imperial Front,Estate Agent,Shoppe,New Agent In Town,Ilha da Aguia,New Agent In Town on Ilha da Aguia,Owns,ok,https://emerald.puzzlepirates.com/yoweb/pirate.wm?classic=false&target=Pyke,estate agent | shoppe | new agent in town | ilha da aguia,2026-08-28T01:30:57+00:00
Pyke,Imperial Front,Markethall,Shoppe,The Long Trade Run,Ilha da Aguia,The Long Trade Run on Ilha da Aguia,Owns,ok,https://emerald.puzzlepirates.com/yoweb/pirate.wm?classic=false&target=Pyke,markethall | shoppe | the long trade run | ilha da aguia,2026-08-28T01:30:57+00:00
Pyke,Imperial Front,Distillery,Shoppe,Kukulkan Spirits,Sayers Rock,Kukulkan Spirits on Sayers Rock,Owns,ok,https://emerald.puzzlepirates.com/yoweb/pirate.wm?classic=false&target=Pyke,distillery | shoppe | kukulkan spirits | sayers rock,2026-08-28T01:30:57+00:00
Pyke,Imperial Front,Iron Monger,Shoppe,Defense Against The Dark Arts,Sayers Rock,Defense Against The Dark Arts on Sayers Rock,Manages,ok,https://emerald.puzzlepirates.com/yoweb/pirate.wm?classic=false&target=Pyke,iron monger | shoppe | defense against the dark arts | sayers rock,2026-08-28T01:30:57+00:00
Pyke,Imperial Front,Shipyard,Shoppe,The Drunk Junk,Penobscot Island,The Drunk Junk on Penobscot Island,Manages,ok,https://emerald.puzzlepirates.com/yoweb/pirate.wm?classic=false&target=Pyke,shipyard | shoppe | the drunk junk | penobscot island,2026-08-28T01:30:57+00:00
Pyke,Imperial Front,Iron Monger,Shoppe,The Forge,Sayers Rock,The Forge on Sayers Rock,Manages,ok,https://emerald.puzzlepirates.com/yoweb/pirate.wm?classic=false&target=Pyke,iron monger | shoppe | the forge | sayers rock,2026-08-28T01:30:57+00:00
Pyke,Imperial Front,Shipyard,Shoppe,The Chariot,Sayers Rock,The Chariot on Sayers Rock,Manages,ok,https://emerald.puzzlepirates.com/yoweb/pirate.wm?classic=false&target=Pyke,shipyard | shoppe | the chariot | sayers rock,2026-08-28T01:30:57+00:00
Pyke,Imperial Front,Apothecary,Shoppe,The Painter,Sayers Rock,The Painter on Sayers Rock,Manages,ok,https://emerald.puzzlepirates.com/yoweb/pirate.wm?classic=false&target=Pyke,apothecary | shoppe | the painter | sayers rock,2026-08-28T01:30:57+00:00
Pyke,Imperial Front,Apothecary,Shoppe,Deathly Hallows,Alkaid Island,Deathly Hallows on Alkaid Island,Manages,ok,https://emerald.puzzlepirates.com/yoweb/pirate.wm?classic=false&target=Pyke,apothecary | shoppe | deathly hallows | alkaid island,2026-08-28T01:30:57+00:00
Pyke,Imperial Front,Shipyard,Shoppe,Big Booty Hulls,Sayers Rock,Big Booty Hulls on Sayers Rock,Manages,ok,https://emerald.puzzlepirates.com/yoweb/pirate.wm?classic=false&target=Pyke,shipyard | shoppe | big booty hulls | sayers rock,2026-08-28T01:30:57+00:00
Pyke,Imperial Front,Weavery,Stall,Pyke's Weaving Stall,Sayers Rock,Pyke's Weaving Stall on Sayers Rock,Owns,ok,https://emerald.puzzlepirates.com/yoweb/pirate.wm?classic=false&target=Pyke,weavery | stall | pyke's weaving stall | sayers rock,2026-08-28T01:30:57+00:00
Pyke,Imperial Front,Iron Monger,Stall,Wallan's Ironworking Stall,Armstrong Island,Wallan's Ironworking Stall on Armstrong Island,Manages,ok,https://emerald.puzzlepirates.com/yoweb/pirate.wm?classic=false&target=Pyke,iron monger | stall | wallan's ironworking stall | armstrong island,2026-08-28T01:30:57+00:00
Pyke,Imperial Front,Apothecary,Stall,Auraluna's Apothecary Stall,Admiral Island,Auraluna's Apothecary Stall on Admiral Island,Manages,ok,https://emerald.puzzlepirates.com/yoweb/pirate.wm?classic=false&target=Pyke,apothecary | stall | auraluna's apothecary stall | admiral island,2026-08-28T01:30:57+00:00
Pyke,Imperial Front,Iron Monger,Stall,Athlena's Ironworking Stall,Scrimshaw Island,Athlena's Ironworking Stall on Scrimshaw Island,Manages,ok,https://emerald.puzzlepirates.com/yoweb/pirate.wm?classic=false&target=Pyke,iron monger | stall | athlena's ironworking stall | scrimshaw island,2026-08-28T01:30:57+00:00
Venerdina,Imperial Front,Tailor,Shoppe,,,,Manages,failed,https://emerald.puzzlepirates.com/yoweb/pirate.wm?classic=false&target=Venerdina,tailor | shoppe |  | ,2026-08-28T01:30:57+00:00
Venerdina,Imperial Front,Tailor,Stall,Bilager's Tailoring Stall,Aimuari Island,Bilager's Tailoring Stall on Aimuari Island,Manages,ok,https://emerald.puzzlepirates.com/yoweb/pirate.wm?classic=false&target=Venerdina,tailor | stall | bilager's tailoring stall | aimuari island,2026-08-28T01:30:57+00:00
Bingbob,Imperial Front,Distillery,Shoppe,,,,Manages,failed,https://emerald.puzzlepirates.com/yoweb/pirate.wm?classic=false&target=Bingbob,distillery | shoppe |  | ,2026-08-28T01:30:57+00:00
Bingbob,Imperial Front,Distillery,Shoppe,Kukulkan Spirits,Sayers Rock,Kukulkan Spirits on Sayers Rock,Manages,ok,https://emerald.puzzlepirates.com/yoweb/pirate.wm?classic=false&target=Bingbob,distillery | shoppe | kukulkan spirits | sayers rock,2026-08-28T01:30:57+00:00
Boozedrinker,Imperial Front,Iron Monger,Shoppe,,,,Owns,failed,https://emerald.puzzlepirates.com/yoweb/pirate.wm?classic=false&target=Boozedrinker,iron monger | shoppe |  | ,2026-08-28T01:30:57+00:00
Boozedrinker,Imperial Front,Iron Monger,Stall,Boozedrinker's Ironworking Stall,Admiral Island,Boozedrinker's Ironworking Stall on Admiral Island,Owns,ok,https://emerald.puzzlepirates.com/yoweb/pirate.wm?classic=false&target=Boozedrinker,iron monger | stall | boozedrinker's ironworking stall | admiral island,2026-08-28T01:30:57+00:00
Boozedrinker,Imperial Front,Weavery,Stall,Boozedrinker's Weaving Stall,Admiral Island,Boozedrinker's Weaving Stall on Admiral Island,Owns,ok,https://emerald.puzzlepirates.com/yoweb/pirate.wm?classic=false&target=Boozedrinker,weavery | stall | boozedrinker's weaving stall | admiral island,2026-08-28T01:30:57+00:00
Rodhog,Imperial Front,Apothecary,Shoppe,,,,Manages,failed,https://emerald.puzzlepirates.com/yoweb/pirate.wm?classic=false&target=Rodhog,apothecary | shoppe |  | ,2026-08-28T01:30:57+00:00
Rodhog,Imperial Front,Apothecary,Stall,Ebra's Apothecary Stall,Bowditch Island,Ebra's Apothecary Stall on Bowditch Island,Manages,ok,https://emerald.puzzlepirates.com/yoweb/pirate.wm?classic=false&target=Rodhog,apothecary | stall | ebra's apothecary stall | bowditch island,2026-08-28T01:30:57+00:00
Deanzz,Spirited Sanctum,Iron Monger,Shoppe,,,,Owns,failed,https://emerald.puzzlepirates.com/yoweb/pirate.wm?classic=false&target=Deanzz,iron monger | shoppe |  | ,2026-08-28T01:30:57+00:00
Deanzz,Spirited Sanctum,Iron Monger,Shoppe,Straight Outta Forge,Scrimshaw Island,Straight Outta Forge on Scrimshaw Island,Owns,ok,https://emerald.puzzlepirates.com/yoweb/pirate.wm?classic=false&target=Deanzz,iron monger | shoppe | straight outta forge | scrimshaw island,2026-08-28T01:30:57+00:00
Jabbaman,Spirited Sanctum,Iron Monger,Shoppe,,,,Manages,failed,https://emerald.puzzlepirates.com/yoweb/pirate.wm?classic=false&target=Jabbaman,iron monger | shoppe |  | ,2026-08-28T01:30:57+00:00
Jabbaman,Spirited Sanctum,Iron Monger,Shoppe,Straight Outta Forge,Scrimshaw Island,Straight Outta Forge on Scrimshaw Island,Manages,ok,https://emerald.puzzlepirates.com/yoweb/pirate.wm?classic=false&target=Jabbaman,iron monger | shoppe | straight outta forge | scrimshaw island,2026-08-28T01:30:57+00:00
Jabbaman,Spirited Sanctum,Iron Monger,Stall,Jabbaman's Ironworking Stall,Admiral Island,Jabbaman's Ironworking Stall on Admiral Island,Owns,ok,https://emerald.puzzlepirates.com/yoweb/pirate.wm?classic=false&target=Jabbaman,iron monger | stall | jabbaman's ironworking stall | admiral island,2026-08-28T01:30:57+00:00
Knottnathoon,Spirited Sanctum,Iron Monger,Shoppe,,,,Manages,failed,https://emerald.puzzlepirates.com/yoweb/pirate.wm?classic=false&target=Knottnathoon,iron monger | shoppe |  | ,2026-08-28T01:30:57+00:00
Knottnathoon,Spirited Sanctum,Iron Monger,Shoppe,Straight Outta Forge,Scrimshaw Island,Straight Outta Forge on Scrimshaw Island,Manages,ok,https://emerald.puzzlepirates.com/yoweb/pirate.wm?classic=false&target=Knottnathoon,iron monger | shoppe | straight outta forge | scrimshaw island,2026-08-28T01:30:57+00:00
Knottnathoon,Spirited Sanctum,Iron Monger,Stall,Jabbaman's Ironworking Stall,Admiral Island,Jabbaman's Ironworking Stall on Admiral Island,Manages,ok,https://emerald.puzzlepirates.com/yoweb/pirate.wm?classic=false&target=Knottnathoon,iron monger | stall | jabbaman's ironworking stall | admiral island,2026-08-28T01:30:57+00:00
Sphericalbal,Spirited Sanctum,Iron Monger,Shoppe,,,,Owns,failed,https://emerald.puzzlepirates.com/yoweb/pirate.wm?classic=false&target=Sphericalbal,iron monger | shoppe |  | ,2026-08-28T01:30:57+00:00
Sphericalbal,Spirited Sanctum,Iron Monger,Stall,Sphericalbal's Ironworking Stall,Wissahickon Island,Sphericalbal's Ironworking Stall on Wissahickon Island,Owns,ok,https://emerald.puzzlepirates.com/yoweb/pirate.wm?classic=false&target=Sphericalbal,iron monger | stall | sphericalbal's ironworking stall | wissahickon island,2026-08-28T01:30:57+00:00
Glubbotion,New Frigs On The Block,Shipyard,Shoppe,,,,Manages,failed,https://emerald.puzzlepirates.com/yoweb/pirate.wm?classic=false&target=Glubbotion,shipyard | shoppe |  | ,2026-08-28T01:30:57+00:00
Glubbotion,New Frigs On The Block,Shipyard,Shoppe,Kick Ash Repairs,Ashkelon Arch,Kick Ash Repairs on Ashkelon Arch,Manages,ok,https://emerald.puzzlepirates.com/yoweb/pirate.wm?classic=false&target=Glubbotion,shipyard | shoppe | kick ash repairs | ashkelon arch,2026-08-28T01:30:57+00:00
Rikita,New Frigs On The Block,Iron Monger,Shoppe,,,,Manages,failed,https://emerald.puzzlepirates.com/yoweb/pirate.wm?classic=false&target=Rikita,iron monger | shoppe |  | ,2026-08-28T01:30:57+00:00
Rikita,New Frigs On The Block,Iron Monger,Stall,Rikitoc's Ironworking Stall,Admiral Island,Rikitoc's Ironworking Stall on Admiral Island,Manages,ok,https://emerald.puzzlepirates.com/yoweb/pirate.wm?classic=false&target=Rikita,iron monger | stall | rikitoc's ironworking stall | admiral island,2026-08-28T01:30:57+00:00
Lint,Civil Disobedience,Iron Monger,Shoppe,,,,Owns,failed,https://emerald.puzzlepirates.com/yoweb/pirate.wm?classic=false&target=Lint,iron monger | shoppe |  | ,2026-08-28T01:30:57+00:00
Lint,Civil Disobedience,Iron Monger,Stall,Lint's Ironworking Stall,Isle of Kent,Lint's Ironworking Stall on Isle of Kent,Owns,ok,https://emerald.puzzlepirates.com/yoweb/pirate.wm?classic=false&target=Lint,iron monger | stall | lint's ironworking stall | isle of kent,2026-08-28T01:30:57+00:00
Umtide,Civil Disobedience,Iron Monger,Shoppe,,,,Manages,failed,https://emerald.puzzlepirates.com/yoweb/pirate.wm?classic=false&target=Umtide,iron monger | shoppe |  | ,2026-08-28T01:30:57+00:00
Umtide,Civil Disobedience,Iron Monger,Stall,Lint's Ironworking Stall,Isle of Kent,Lint's Ironworking Stall on Isle of Kent,Manages,ok,https://emerald.puzzlepirates.com/yoweb/pirate.wm?classic=false&target=Umtide,iron monger | stall | lint's ironworking stall | isle of kent,2026-08-28T01:30:57+00:00
Pizales,Poison,Shipyard,Shoppe,,,,Owns,failed,https://emerald.puzzlepirates.com/yoweb/pirate.wm?classic=false&target=Pizales,shipyard | shoppe |  | ,2026-08-28T01:30:57+00:00
Pizales,Poison,Shipyard,Shoppe,The Drunk Junk,Penobscot Island,The Drunk Junk on Penobscot Island,Owns,ok,https://emerald.puzzlepirates.com/yoweb/pirate.wm?classic=false&target=Pizales,shipyard | shoppe | the drunk junk | penobscot island,2026-08-28T01:30:57+00:00
Pizales,Poison,Apothecary,Shoppe,Slug and Jiggers,Alkaid Island,Slug and Jiggers on Alkaid Island,Owns,ok,https://emerald.puzzlepirates.com/yoweb/pirate.wm?classic=false&target=Pizales,apothecary | shoppe | slug and jiggers | alkaid island,2026-08-28T01:30:57+00:00
Pizales,Poison,Apothecary,Shoppe,Dyenamite Spice,Arakoua Island,Dyenamite Spice on Arakoua Island,Owns,ok,https://emerald.puzzlepirates.com/yoweb/pirate.wm?classic=false&target=Pizales,apothecary | shoppe | dyenamite spice | arakoua island,2026-08-28T01:30:57+00:00
Pizales,Poison,Fort,Shoppe,The Drunk Bunk,Penobscot Island,The Drunk Bunk on Penobscot Island,Owns,ok,https://emerald.puzzlepirates.com/yoweb/pirate.wm?classic=false&target=Pizales,fort | shoppe | the drunk bunk | penobscot island,2026-08-28T01:30:57+00:00
Pizales,Poison,Apothecary,Stall,Pizales's Apothecary Stall,Barbary Island,Pizales's Apothecary Stall on Barbary Island,Owns,ok,https://emerald.puzzlepirates.com/yoweb/pirate.wm?classic=false&target=Pizales,apothecary | stall | pizales's apothecary stall | barbary island,2026-08-28T01:30:57+00:00
Pizales,Poison,Distillery,Stall,Pizales's Distilling Stall,Descartes Isle,Pizales's Distilling Stall on Descartes Isle,Owns,ok,https://emerald.puzzlepirates.com/yoweb/pirate.wm?classic=false&target=Pizales,distillery | stall | pizales's distilling stall | descartes isle,2026-08-28T01:30:57+00:00
Pizales,Poison,Apothecary,Stall,Pizales's Apothecary Stall,Greenwich Island,Pizales's Apothecary Stall on Greenwich Island,Owns,ok,https://emerald.puzzlepirates.com/yoweb/pirate.wm?classic=false&target=Pizales,apothecary | stall | pizales's apothecary stall | greenwich island,2026-08-28T01:30:57+00:00
Pizales,Poison,Apothecary,Stall,Pizales's Apothecary Stall,Descartes Isle,Pizales's Apothecary Stall on Descartes Isle,Owns,ok,https://emerald.puzzlepirates.com/yoweb/pirate.wm?classic=false&target=Pizales,apothecary | stall | pizales's apothecary stall | descartes isle,2026-08-28T01:30:57+00:00
Pizales,Poison,Iron Monger,Stall,Athlena's Ironworking Stall,Scrimshaw Island,Athlena's Ironworking Stall on Scrimshaw Island,Manages,ok,https://emerald.puzzlepirates.com/yoweb/pirate.wm?classic=false&target=Pizales,iron monger | stall | athlena's ironworking stall | scrimshaw island,2026-08-28T01:30:57+00:00
Pizales,Poison,Apothecary,Stall,Potts's Apothecary Stall,Caravanserai Island,Potts's Apothecary Stall on Caravanserai Island,Manages,ok,https://emerald.puzzlepirates.com/yoweb/pirate.wm?classic=false&target=Pizales,apothecary | stall | potts's apothecary stall | caravanserai island,2026-08-28T01:30:57+00:00
Pizales,Poison,Apothecary,Stall,Potts's Apothecary Stall,Arakoua Island,Potts's Apothecary Stall on Arakoua Island,Manages,ok,https://emerald.puzzlepirates.com/yoweb/pirate.wm?classic=false&target=Pizales,apothecary | stall | potts's apothecary stall | arakoua island,2026-08-28T01:30:57+00:00
Potts,Poison,Shipyard,Shoppe,,,,Manages,failed,https://emerald.puzzlepirates.com/yoweb/pirate.wm?classic=false&target=Potts,shipyard | shoppe |  | ,2026-08-28T01:30:57+00:00
Potts,Poison,Shipyard,Shoppe,The Drunk Junk,Penobscot Island,The Drunk Junk on Penobscot Island,Manages,ok,https://emerald.puzzlepirates.com/yoweb/pirate.wm?classic=false&target=Potts,shipyard | shoppe | the drunk junk | penobscot island,2026-08-28T01:30:57+00:00
Potts,Poison,Apothecary,Shoppe,Slug and Jiggers,Alkaid Island,Slug and Jiggers on Alkaid Island,Manages,ok,https://emerald.puzzlepirates.com/yoweb/pirate.wm?classic=false&target=Potts,apothecary | shoppe | slug and jiggers | alkaid island,2026-08-28T01:30:57+00:00
Potts,Poison,Apothecary,Shoppe,Dyenamite Spice,Arakoua Island,Dyenamite Spice on Arakoua Island,Manages,ok,https://emerald.puzzlepirates.com/yoweb/pirate.wm?classic=false&target=Potts,apothecary | shoppe | dyenamite spice | arakoua island,2026-08-28T01:30:57+00:00
Potts,Poison,Fort,Shoppe,The Drunk Bunk,Penobscot Island,The Drunk Bunk on Penobscot Island,Manages,ok,https://emerald.puzzlepirates.com/yoweb/pirate.wm?classic=false&target=Potts,fort | shoppe | the drunk bunk | penobscot island,2026-08-28T01:30:57+00:00
Potts,Poison,Apothecary,Stall,Potts's Apothecary Stall,Arakoua Island,Potts's Apothecary Stall on Arakoua Island,Owns,ok,https://emerald.puzzlepirates.com/yoweb/pirate.wm?classic=false&target=Potts,apothecary | stall | potts's apothecary stall | arakoua island,2026-08-28T01:30:57+00:00
Potts,Poison,Apothecary,Stall,Potts's Apothecary Stall,Caravanserai Island,Potts's Apothecary Stall on Caravanserai Island,Owns,ok,https://emerald.puzzlepirates.com/yoweb/pirate.wm?classic=false&target=Potts,apothecary | stall | potts's apothecary stall | caravanserai island,2026-08-28T01:30:57+00:00
Potts,Poison,Apothecary,Stall,Pizales's Apothecary Stall,Descartes Isle,Pizales's Apothecary Stall on Descartes Isle,Manages,ok,https://emerald.puzzlepirates.com/yoweb/pirate.wm?classic=false&target=Potts,apothecary | stall | pizales's apothecary stall | descartes isle,2026-08-28T01:30:57+00:00
Potts,Poison,Apothecary,Stall,Pizales's Apothecary Stall,Greenwich Island,Pizales's Apothecary Stall on Greenwich Island,Manages,ok,https://emerald.puzzlepirates.com/yoweb/pirate.wm?classic=false&target=Potts,apothecary | stall | pizales's apothecary stall | greenwich island,2026-08-28T01:30:57+00:00
Potts,Poison,Apothecary,Stall,Pizales's Apothecary Stall,Barbary Island,Pizales's Apothecary Stall on Barbary Island,Manages,ok,https://emerald.puzzlepirates.com/yoweb/pirate.wm?classic=false&target=Potts,apothecary | stall | pizales's apothecary stall | barbary island,2026-08-28T01:30:57+00:00
Pottsalt,Poison,Apothecary,Shoppe,,,,Manages,failed,https://emerald.puzzlepirates.com/yoweb/pirate.wm?classic=false&target=Pottsalt,apothecary | shoppe |  | ,2026-08-28T01:30:57+00:00
Pottsalt,Poison,Apothecary,Stall,Potts's Apothecary Stall,Caravanserai Island,Potts's Apothecary Stall on Caravanserai Island,Manages,ok,https://emerald.puzzlepirates.com/yoweb/pirate.wm?classic=false&target=Pottsalt,apothecary | stall | potts's apothecary stall | caravanserai island,2026-08-28T01:30:57+00:00
Gaikokkheong,Poison,Apothecary,Shoppe,,,,Manages,failed,https://emerald.puzzlepirates.com/yoweb/pirate.wm?classic=false&target=Gaikokkheong,apothecary | shoppe |  | ,2026-08-28T01:30:57+00:00
Gaikokkheong,Poison,Apothecary,Stall,Ningi's Apothecary Stall,Sayers Rock,Ningi's Apothecary Stall on Sayers Rock,Manages,ok,https://emerald.puzzlepirates.com/yoweb/pirate.wm?classic=false&target=Gaikokkheong,apothecary | stall | ningi's apothecary stall | sayers rock,2026-08-28T01:30:57+00:00
Lovemimi,Comic Relief,Tailor,Shoppe,,,,Owns,failed,https://emerald.puzzlepirates.com/yoweb/pirate.wm?classic=false&target=Lovemimi,tailor | shoppe |  | ,2026-08-28T01:30:57+00:00
Lovemimi,Comic Relief,Tailor,Stall,Lovemimi's Tailoring Stall,Lincoln Island,Lovemimi's Tailoring Stall on Lincoln Island,Owns,ok,https://emerald.puzzlepirates.com/yoweb/pirate.wm?classic=false&target=Lovemimi,tailor | stall | lovemimi's tailoring stall | lincoln island,2026-08-28T01:30:57+00:00
Rumsundae,Fairy Floss Fanatics,Iron Monger,Shoppe,,,,Owns,failed,https://emerald.puzzlepirates.com/yoweb/pirate.wm?classic=false&target=Rumsundae,iron monger | shoppe |  | ,2026-08-28T01:30:57+00:00
Rumsundae,Fairy Floss Fanatics,Iron Monger,Shoppe,A Hazy Blade of Winter,Caravanserai Island,A Hazy Blade of Winter on Caravanserai Island,Owns,ok,https://emerald.puzzlepirates.com/yoweb/pirate.wm?classic=false&target=Rumsundae,iron monger | shoppe | a hazy blade of winter | caravanserai island,2026-08-28T01:30:57+00:00
Zuzane,Wind Dogs,Iron Monger,Shoppe,,,,Owns,failed,https://emerald.puzzlepirates.com/yoweb/pirate.wm?classic=false&target=Zuzane,iron monger | shoppe |  | ,2026-08-28T01:30:57+00:00
Zuzane,Wind Dogs,Iron Monger,Stall,Zuzane's Ironworking Stall,Wensleydale,Zuzane's Ironworking Stall on Wensleydale,Owns,ok,https://emerald.puzzlepirates.com/yoweb/pirate.wm?classic=false&target=Zuzane,iron monger | stall | zuzane's ironworking stall | wensleydale,2026-08-28T01:30:57+00:00
Zuzane,Wind Dogs,Iron Monger,Stall,Zuzane's Ironworking Stall,Isle of Kent,Zuzane's Ironworking Stall on Isle of Kent,Owns,ok,https://emerald.puzzlepirates.com/yoweb/pirate.wm?classic=false&target=Zuzane,iron monger | stall | zuzane's ironworking stall | isle of kent,2026-08-28T01:30:57+00:00
Zuzane,Wind Dogs,Iron Monger,Stall,Zuzane's Ironworking Stall,Admiral Island,Zuzane's Ironworking Stall on Admiral Island,Owns,ok,https://emerald.puzzlepirates.com/yoweb/pirate.wm?classic=false&target=Zuzane,iron monger | stall | zuzane's ironworking stall | admiral island,2026-08-28T01:30:57+00:00
Gurlar,Roulette Pirates,Furnisher,Shoppe,,,,Owns,failed,https://emerald.puzzlepirates.com/yoweb/pirate.wm?classic=false&target=Gurlar,furnisher | shoppe |  | ,2026-08-28T01:30:57+00:00
Gurlar,Roulette Pirates,Furnisher,Stall,Gurlar's Furnishing Stall,Admiral Island,Gurlar's Furnishing Stall on Admiral Island,Owns,ok,https://emerald.puzzlepirates.com/yoweb/pirate.wm?classic=false&target=Gurlar,furnisher | stall | gurlar's furnishing stall | admiral island,2026-08-28T01:30:57+00:00
